const unsigned char rhbmp []  = {
0x00, 0x00, 0xc0, 0x00, 0x00, 0x00, 0x00, 0x00, 0x00, 0x00, 0x00, 0x00, 0x00, 0x00, 0x00, 0x18, 
	0x10, 0x02, 0x00, 0x00, 0x00, 0x00, 0x24, 0x10, 0x02, 0x00, 0x00, 0x00, 0x00, 0x44, 0x10, 0x02, 
	0x60, 0x00, 0x00, 0x00, 0x40, 0x10, 0x02, 0x80, 0x00, 0x00, 0x00, 0x42, 0x10, 0x02, 0x80, 0x00, 
	0x00, 0x00, 0x44, 0x10, 0x02, 0x84, 0x00, 0x00, 0x00, 0x44, 0x10, 0x02, 0x84, 0x00, 0x00, 0x00, 
	0x44, 0x10, 0x04, 0x84, 0x00, 0x00, 0x00, 0x84, 0x10, 0x04, 0x42, 0x00, 0x00, 0x00, 0x84, 0x10, 
	0x04, 0x42, 0x00, 0x00, 0x04, 0x84, 0x10, 0x04, 0x42, 0x00, 0x00, 0x08, 0x08, 0x11, 0x04, 0x40, 
	0x00, 0x00, 0x11, 0x08, 0x11, 0x04, 0x21, 0x00, 0x00, 0x11, 0x08, 0x11, 0x84, 0x20, 0x00, 0x00, 
	0x21, 0x08, 0x12, 0x84, 0x20, 0x00, 0x00, 0x22, 0x08, 0x12, 0x84, 0x20, 0x00, 0x00, 0x42, 0x08, 
	0x12, 0x44, 0x10, 0x00, 0x00, 0x44, 0x08, 0x12, 0x44, 0x10, 0x00, 0x00, 0x84, 0x10, 0x12, 0x24, 
	0x08, 0x00, 0x00, 0x08, 0x11, 0x14, 0x24, 0x08, 0x00, 0x00, 0x08, 0x11, 0x14, 0x18, 0x04, 0x00, 
	0x00, 0x10, 0x22, 0x08, 0x00, 0x04, 0x00, 0x00, 0x10, 0x24, 0x00, 0x00, 0x04, 0x00, 0x00, 0x20, 
	0x18, 0x00, 0x00, 0x04, 0x00, 0x00, 0x40, 0x00, 0x00, 0x00, 0x04, 0x00, 0x00, 0x80, 0x00, 0x00, 
	0x00, 0x04, 0x80, 0x0f, 0x80, 0x00, 0x00, 0x00, 0x02, 0x70, 0x10, 0x80, 0x00, 0x00, 0x00, 0x02, 
	0x00, 0x10, 0x80, 0x00, 0x00, 0x00, 0x02, 0x04, 0x0c, 0x80, 0x00, 0x00, 0x00, 0x01, 0x02, 0x02, 
	0x80, 0x00, 0x00, 0x00, 0x01, 0x81, 0x01, 0x00, 0x01, 0x00, 0x00, 0x01, 0x00, 0x00, 0x00, 0x01, 
	0x00, 0x00, 0x41, 0x20, 0x00, 0x00, 0x01, 0x00, 0x00, 0x22, 0x10, 0x00, 0x00, 0x01, 0x00, 0x00, 
	0x1c, 0x00, 0x00, 0x00, 0x01, 0x00, 0x00, 0x00, 0x04, 0x00, 0x00, 0x01, 0x00, 0x00, 0x00, 0x04, 
	0x00, 0x00, 0x01, 0x00, 0x00, 0x00, 0x04, 0x00, 0x00, 0x01, 0x00, 0x00, 0x00, 0x02, 0x00, 0x00, 
	0x02, 0x00, 0x00, 0x00, 0x01, 0x00, 0x00, 0x02, 0x00, 0x00, 0x80, 0x00, 0x00, 0x00, 0x02, 0x00, 
	0x00, 0xc0, 0x00, 0x00, 0x00, 0x02, 0x00, 0x00, 0x20, 0x00, 0x00, 0x00, 0x04, 0x00, 0x00, 0x20, 
	0x00, 0x00, 0x00, 0x04, 0x00, 0x00, 0x10, 0x00, 0x00, 0x00, 0x04, 0x00, 0x00, 0x10, 0x00, 0x00, 
	0x00, 0x08, 0x00, 0x00, 0x00, 0x00, 0x00, 0x00, 0x08, 0x00, 0x00, 0x06, 0x00, 0x00, 0x00, 0x08, 
	0x00, 0x00, 0x01, 0x00, 0x00, 0x00, 0x08, 0x00, 0x00, 0x01, 0x00, 0x00, 0x00, 0x10, 0x00, 0x00, 
	0x01, 0x00, 0x00, 0x00, 0x10, 0x00, 0x00, 0x01, 0x00, 0x00, 0x00, 0x00, 0x00, 0x00, 0x01, 0x00, 
	0x00, 0x00, 0x20, 0x00, 0x00, 0x02, 0x00, 0x00, 0x00, 0x20, 0x00, 0x00, 0x02, 0x00, 0x00, 0x00, 
	0x20, 0x00, 0x00, 0x02, 0x00, 0x00, 0x00, 0x20, 0x00, 0x00, 0x02, 0x00, 0x00, 0x00, 0x20, 0x00, 
	0x00, 0x02, 0x00, 0x00, 0x00, 0xe0, 0xff, 0x03, 0x02, 0x00, 0x00, 0x00, 0x00, 0x00, 0xfc, 0x01, 
	0x00, 0x00
 }; 

const unsigned char lhbmp []  = {
0x00, 0x00, 0x00, 0x60, 0x00, 0x00, 0x00, 0x00, 0x00, 0x00, 0x80, 0x00, 0x00, 0x00, 0x00, 0x00, 
	0x00, 0x08, 0x01, 0x03, 0x00, 0x00, 0x00, 0x00, 0x08, 0x81, 0x04, 0x00, 0x00, 0xc0, 0x00, 0x08, 
	0x41, 0x04, 0x00, 0x00, 0x20, 0x00, 0x08, 0x41, 0x08, 0x00, 0x00, 0x20, 0x00, 0x08, 0x41, 0x08, 
	0x00, 0x00, 0x20, 0x04, 0x08, 0x41, 0x04, 0x00, 0x00, 0x20, 0x04, 0x08, 0x41, 0x04, 0x00, 0x00, 
	0x20, 0x04, 0x04, 0x41, 0x04, 0x00, 0x00, 0x40, 0x08, 0x04, 0x21, 0x04, 0x00, 0x00, 0x40, 0x08, 
	0x04, 0x21, 0x04, 0x00, 0x00, 0x40, 0x08, 0x04, 0x21, 0x04, 0x04, 0x00, 0x40, 0x00, 0x04, 0x11, 
	0x02, 0x02, 0x00, 0x80, 0x10, 0x04, 0x11, 0x02, 0x11, 0x00, 0x80, 0x20, 0x04, 0x11, 0x02, 0x11, 
	0x00, 0x80, 0x20, 0x04, 0x09, 0x82, 0x10, 0x00, 0x80, 0x20, 0x04, 0x09, 0x82, 0x08, 0x00, 0x00, 
	0x41, 0x04, 0x09, 0x42, 0x08, 0x00, 0x00, 0x41, 0x04, 0x09, 0x42, 0x04, 0x00, 0x00, 0x82, 0x04, 
	0x09, 0x21, 0x04, 0x00, 0x00, 0x82, 0x04, 0x05, 0x11, 0x02, 0x00, 0x00, 0x04, 0x03, 0x05, 0x11, 
	0x02, 0x00, 0x00, 0x04, 0x00, 0x82, 0x08, 0x01, 0x00, 0x00, 0x04, 0x00, 0x80, 0x04, 0x01, 0x00, 
	0x00, 0x04, 0x00, 0x00, 0x83, 0x00, 0x00, 0x00, 0x04, 0x00, 0x00, 0x40, 0x00, 0x3e, 0x00, 0x04, 
	0x00, 0x00, 0x20, 0x00, 0xc1, 0x01, 0x08, 0x00, 0x00, 0x20, 0x00, 0x01, 0x00, 0x08, 0x00, 0x00, 
	0x20, 0x00, 0x06, 0x04, 0x08, 0x00, 0x00, 0x20, 0x00, 0x08, 0x08, 0x10, 0x00, 0x00, 0x20, 0x00, 
	0x30, 0x10, 0x10, 0x00, 0x00, 0x20, 0x00, 0x00, 0x00, 0x10, 0x00, 0x00, 0x10, 0x00, 0x80, 0x40, 
	0x10, 0x00, 0x00, 0x10, 0x00, 0x00, 0x81, 0x08, 0x00, 0x00, 0x10, 0x00, 0x00, 0x00, 0x07, 0x00, 
	0x00, 0x10, 0x00, 0x00, 0x04, 0x00, 0x00, 0x00, 0x10, 0x00, 0x00, 0x04, 0x00, 0x00, 0x00, 0x10, 
	0x00, 0x00, 0x04, 0x00, 0x00, 0x00, 0x10, 0x00, 0x00, 0x08, 0x00, 0x00, 0x00, 0x10, 0x00, 0x00, 
	0x10, 0x00, 0x00, 0x00, 0x08, 0x00, 0x00, 0x20, 0x00, 0x00, 0x00, 0x08, 0x00, 0x00, 0x60, 0x00, 
	0x00, 0x00, 0x08, 0x00, 0x00, 0x80, 0x00, 0x00, 0x00, 0x08, 0x00, 0x00, 0x80, 0x00, 0x00, 0x00, 
	0x04, 0x00, 0x00, 0x00, 0x01, 0x00, 0x00, 0x04, 0x00, 0x00, 0x00, 0x01, 0x00, 0x00, 0x04, 0x00, 
	0x00, 0x00, 0x00, 0x00, 0x00, 0x02, 0x00, 0x00, 0x00, 0x0c, 0x00, 0x00, 0x02, 0x00, 0x00, 0x00, 
	0x10, 0x00, 0x00, 0x02, 0x00, 0x00, 0x00, 0x10, 0x00, 0x00, 0x02, 0x00, 0x00, 0x00, 0x10, 0x00, 
	0x00, 0x01, 0x00, 0x00, 0x00, 0x10, 0x00, 0x00, 0x01, 0x00, 0x00, 0x00, 0x10, 0x00, 0x00, 0x00, 
	0x00, 0x00, 0x00, 0x08, 0x00, 0x80, 0x00, 0x00, 0x00, 0x00, 0x08, 0x00, 0x80, 0x00, 0x00, 0x00, 
	0x00, 0x08, 0x00, 0x80, 0x00, 0x00, 0x00, 0x00, 0x08, 0x00, 0x80, 0x00, 0x00, 0x00, 0x00, 0x08, 
	0x00, 0x80, 0x00, 0x00, 0x00, 0x00, 0x08, 0xf8, 0xff, 0x00, 0x00, 0x00, 0x00, 0xf0, 0x07, 0x00, 
	0x00, 0x00
};
// 'arrowjump2', 128x64px
const unsigned char arrowjump2 [] = {
	0x00, 0x00, 0x00, 0x00, 0x00, 0x00, 0x00, 0x00, 0x00, 0x00, 0x00, 0x00, 0x00, 0x00, 0x00, 0x00, 
	0x00, 0x00, 0x00, 0x00, 0x00, 0x00, 0x00, 0x00, 0x00, 0x00, 0x00, 0x00, 0x00, 0x00, 0x00, 0x00, 
	0x00, 0x00, 0x00, 0x00, 0x00, 0x00, 0x00, 0x00, 0x00, 0x00, 0x00, 0x00, 0x00, 0x00, 0x00, 0x00, 
	0x00, 0x00, 0x00, 0x00, 0x00, 0x00, 0x00, 0x00, 0x00, 0x00, 0x00, 0x00, 0x00, 0x00, 0x00, 0x00, 
	0x00, 0x00, 0x00, 0x00, 0x00, 0x00, 0x00, 0x00, 0x00, 0x00, 0x00, 0x00, 0x00, 0x00, 0x00, 0x00, 
	0x00, 0x00, 0x00, 0x00, 0x00, 0x00, 0x00, 0x00, 0x00, 0x00, 0x00, 0x00, 0x00, 0x00, 0x00, 0x00, 
	0x00, 0x00, 0x00, 0x00, 0x00, 0x00, 0x00, 0x00, 0x00, 0x00, 0x00, 0x00, 0x00, 0x00, 0x00, 0x00, 
	0x00, 0x00, 0x00, 0x00, 0x00, 0x00, 0x00, 0x00, 0x00, 0x00, 0x00, 0x00, 0x00, 0x00, 0x00, 0x00, 
	0x00, 0x00, 0x00, 0x00, 0x00, 0x00, 0x00, 0x00, 0x00, 0x00, 0x00, 0x00, 0x00, 0x00, 0x00, 0x00, 
	0x00, 0x00, 0x00, 0x00, 0x00, 0x00, 0x00, 0x00, 0x00, 0x00, 0x00, 0x00, 0x00, 0x00, 0x00, 0x00, 
	0x00, 0x00, 0x00, 0x00, 0x00, 0x00, 0x00, 0x00, 0x00, 0x00, 0x00, 0x00, 0x00, 0x00, 0x00, 0x00, 
	0x00, 0x00, 0x00, 0x00, 0x00, 0x00, 0x00, 0x00, 0x00, 0x00, 0x00, 0x00, 0x00, 0x00, 0x00, 0x00, 
	0x00, 0x00, 0x00, 0x00, 0x00, 0x00, 0x00, 0x00, 0x00, 0x00, 0x00, 0x00, 0x00, 0x00, 0x00, 0x00, 
	0x00, 0x00, 0x00, 0x00, 0x00, 0x00, 0x00, 0x00, 0x00, 0x00, 0x00, 0x00, 0x00, 0x00, 0x00, 0x00, 
	0x00, 0x00, 0x00, 0x00, 0x00, 0x00, 0x00, 0x00, 0x00, 0x00, 0x00, 0x00, 0x00, 0x00, 0x00, 0x00, 
	0x00, 0x00, 0x00, 0x00, 0x00, 0x00, 0x00, 0x00, 0x00, 0x00, 0x00, 0x00, 0x00, 0x00, 0x00, 0x00, 
	0x00, 0x00, 0x00, 0x00, 0x00, 0x00, 0x00, 0x00, 0x00, 0x00, 0x00, 0x00, 0x00, 0x00, 0x00, 0x00, 
	0x00, 0x00, 0x00, 0x00, 0x00, 0x00, 0x00, 0x00, 0x00, 0x00, 0x00, 0x00, 0x00, 0x00, 0x00, 0x00, 
	0x00, 0x00, 0x00, 0x00, 0x00, 0x00, 0x00, 0x00, 0x00, 0x00, 0x00, 0x00, 0x00, 0x00, 0x00, 0x00, 
	0x00, 0x00, 0x00, 0x00, 0x00, 0x00, 0x00, 0x00, 0x00, 0x00, 0x00, 0x00, 0x00, 0x00, 0x00, 0x00, 
	0x00, 0x00, 0x00, 0x00, 0x00, 0x00, 0x00, 0x00, 0x00, 0x00, 0x00, 0x00, 0x00, 0x00, 0x00, 0x00, 
	0x00, 0x00, 0x00, 0x00, 0x00, 0x00, 0x00, 0x00, 0x00, 0x00, 0x00, 0x00, 0x00, 0x00, 0x00, 0x00, 
	0x00, 0x00, 0x00, 0x00, 0x00, 0x00, 0x00, 0x00, 0x00, 0x00, 0x00, 0x00, 0x00, 0x00, 0x00, 0x00, 
	0x00, 0x00, 0x00, 0x00, 0x00, 0x00, 0x00, 0x00, 0x00, 0x00, 0x00, 0x00, 0x00, 0x00, 0x00, 0x00, 
	0x00, 0x00, 0x00, 0x00, 0x00, 0x00, 0x00, 0x00, 0x00, 0x00, 0x00, 0x00, 0x00, 0x00, 0x00, 0x00, 
	0x00, 0x00, 0x00, 0x00, 0x00, 0x00, 0x00, 0x00, 0x00, 0x00, 0x00, 0x00, 0x00, 0x00, 0x00, 0x00, 
	0x00, 0x00, 0x00, 0x00, 0x00, 0x00, 0x00, 0x00, 0x00, 0x00, 0x00, 0x00, 0x00, 0x00, 0x00, 0x00, 
	0x00, 0x00, 0x00, 0x00, 0x00, 0x00, 0x00, 0x00, 0x00, 0x00, 0x00, 0x00, 0x00, 0x00, 0x00, 0x00, 
	0x00, 0x00, 0x00, 0x00, 0x00, 0x00, 0x00, 0x00, 0x00, 0x00, 0x00, 0x00, 0x00, 0x00, 0x00, 0x00, 
	0x00, 0x00, 0x00, 0x00, 0x00, 0x00, 0x00, 0x00, 0x00, 0x00, 0x00, 0x00, 0x00, 0x00, 0x00, 0x00, 
	0x00, 0x00, 0x00, 0x00, 0x00, 0x00, 0x00, 0x00, 0x00, 0x00, 0x00, 0x00, 0x00, 0x00, 0x00, 0x00, 
	0x00, 0x00, 0x00, 0x00, 0x00, 0x00, 0x00, 0x00, 0x00, 0x00, 0x00, 0x00, 0x00, 0x00, 0x00, 0x00, 
	0x00, 0x00, 0x00, 0x00, 0x00, 0x00, 0x00, 0x00, 0x00, 0x00, 0x00, 0x00, 0x00, 0x00, 0x00, 0x00, 
	0x00, 0x00, 0x00, 0x00, 0x00, 0x00, 0x00, 0x00, 0x00, 0x00, 0x00, 0x00, 0x00, 0x00, 0x00, 0x00, 
	0x00, 0x00, 0x00, 0x00, 0x00, 0x00, 0x00, 0x00, 0x00, 0x00, 0x00, 0x00, 0x00, 0x00, 0x00, 0x00, 
	0x00, 0x00, 0x00, 0x00, 0x00, 0x00, 0x00, 0x00, 0x00, 0x00, 0x00, 0x00, 0x00, 0x00, 0x00, 0x00, 
	0x00, 0x00, 0x00, 0x00, 0x00, 0x00, 0x00, 0x00, 0x00, 0x00, 0x00, 0x00, 0x00, 0x00, 0x00, 0x00, 
	0x00, 0x00, 0x00, 0x00, 0x00, 0x00, 0x00, 0x00, 0x00, 0x00, 0x00, 0x00, 0x00, 0x00, 0x00, 0x00, 
	0x00, 0x00, 0x00, 0x00, 0x00, 0x00, 0x00, 0x00, 0x00, 0x00, 0x00, 0x00, 0x00, 0x00, 0x00, 0x00, 
	0x00, 0x00, 0x00, 0x00, 0x00, 0x00, 0x00, 0x00, 0x00, 0x00, 0x00, 0x00, 0x00, 0x00, 0x00, 0x00, 
	0x00, 0x00, 0x00, 0x00, 0x00, 0x00, 0xc0, 0x03, 0x00, 0x00, 0x00, 0x00, 0x00, 0x00, 0x00, 0x00, 
	0x00, 0x00, 0x00, 0x00, 0x00, 0x00, 0xe0, 0xff, 0x01, 0x00, 0x00, 0x00, 0x00, 0x00, 0x00, 0x00, 
	0x00, 0x00, 0x00, 0x00, 0x00, 0x00, 0xe0, 0xff, 0x3f, 0x00, 0x00, 0x00, 0x00, 0x00, 0x00, 0x00, 
	0x00, 0x00, 0x00, 0x00, 0x00, 0x00, 0xe0, 0xff, 0xff, 0x07, 0x00, 0x00, 0x00, 0x00, 0x00, 0x00, 
	0x00, 0x00, 0x00, 0x00, 0x00, 0x00, 0xe0, 0xff, 0xff, 0x0f, 0x00, 0x00, 0x00, 0x00, 0x00, 0x00, 
	0x00, 0x00, 0x00, 0x00, 0x00, 0x00, 0xe0, 0xff, 0xff, 0x07, 0x00, 0x00, 0x00, 0x00, 0x00, 0x00, 
	0x00, 0x00, 0x00, 0x00, 0x00, 0x00, 0xe0, 0xff, 0xff, 0x03, 0x00, 0x00, 0x00, 0x00, 0x00, 0x00, 
	0x00, 0x00, 0x00, 0x00, 0x00, 0x00, 0xe0, 0xff, 0xff, 0x01, 0x00, 0x00, 0x00, 0x00, 0x00, 0x00, 
	0x00, 0x00, 0x00, 0x00, 0x00, 0x00, 0xc0, 0xff, 0xff, 0x00, 0x00, 0x00, 0x00, 0x00, 0x00, 0x00, 
	0x00, 0x00, 0x00, 0x00, 0x00, 0x00, 0xc0, 0xff, 0x7f, 0x00, 0x00, 0x00, 0x00, 0x00, 0x00, 0x00, 
	0x00, 0x00, 0x00, 0x00, 0x00, 0x00, 0xc0, 0xff, 0x3f, 0x00, 0x00, 0x00, 0x00, 0x00, 0x00, 0x00, 
	0x00, 0x00, 0x00, 0x00, 0x00, 0x00, 0xc0, 0xff, 0x1f, 0x00, 0x00, 0x00, 0x00, 0x00, 0x00, 0x00, 
	0x00, 0x00, 0x00, 0x00, 0x00, 0x00, 0xc0, 0xff, 0x0f, 0x00, 0x00, 0x00, 0x00, 0x00, 0x00, 0x00, 
	0x00, 0x00, 0x00, 0x00, 0x00, 0x00, 0xc0, 0xff, 0x07, 0x00, 0x00, 0x00, 0x00, 0x00, 0x00, 0x00, 
	0x00, 0x00, 0x00, 0x00, 0x00, 0x00, 0xc0, 0xff, 0x03, 0x00, 0x00, 0x00, 0x00, 0x00, 0x00, 0x00, 
	0x00, 0x00, 0x00, 0x00, 0x00, 0x00, 0xc0, 0xff, 0x01, 0x00, 0x00, 0x00, 0x00, 0x00, 0x00, 0x00, 
	0x00, 0x00, 0x00, 0x00, 0x00, 0x00, 0xc0, 0xff, 0x00, 0x00, 0x00, 0x00, 0x00, 0x00, 0x00, 0x00, 
	0x00, 0x00, 0x00, 0x00, 0x00, 0x00, 0x80, 0x7f, 0x00, 0x00, 0x00, 0x00, 0x00, 0x00, 0x00, 0x00, 
	0x00, 0x00, 0x00, 0x00, 0x00, 0x00, 0x80, 0x3f, 0x00, 0x00, 0x00, 0x00, 0x00, 0x00, 0x00, 0x00, 
	0x00, 0x00, 0x00, 0x00, 0x00, 0x00, 0x80, 0x3f, 0x00, 0x00, 0x00, 0x00, 0x00, 0x00, 0x00, 0x00, 
	0x00, 0x00, 0x00, 0x00, 0x00, 0x00, 0x80, 0x1f, 0x00, 0x00, 0x00, 0x00, 0x00, 0x00, 0x00, 0x00, 
	0x00, 0x00, 0x00, 0x00, 0x00, 0x00, 0x80, 0x0f, 0x00, 0x00, 0x00, 0x00, 0x00, 0x00, 0x00, 0x00, 
	0x00, 0x00, 0x00, 0x00, 0x00, 0x00, 0x00, 0x00, 0x00, 0x00, 0x00, 0x00, 0x00, 0x00, 0x00, 0x00, 
	0x00, 0x00, 0x00, 0x00, 0x00, 0x00, 0x00, 0x00, 0x00, 0x00, 0x00, 0x00, 0x00, 0x00, 0x00, 0x00
};
// 'arrowjump3', 128x64px
const unsigned char arrowjump3 [] = {
	0x00, 0x00, 0x00, 0x00, 0x00, 0x00, 0x00, 0x00, 0x00, 0x00, 0x00, 0x00, 0x00, 0x00, 0x00, 0x00, 
	0x00, 0x00, 0x00, 0x00, 0x00, 0x00, 0x00, 0x00, 0x00, 0x00, 0x00, 0x00, 0x00, 0x00, 0x00, 0x00, 
	0x00, 0x00, 0x00, 0x00, 0x00, 0x00, 0x00, 0x00, 0x00, 0x00, 0x00, 0x00, 0x00, 0x00, 0x00, 0x00, 
	0x00, 0x00, 0x00, 0x00, 0x00, 0x00, 0x00, 0x00, 0x00, 0x00, 0x00, 0x00, 0x00, 0x00, 0x00, 0x00, 
	0x00, 0x00, 0x00, 0x00, 0x00, 0x00, 0x00, 0x00, 0x00, 0x00, 0x00, 0x00, 0x00, 0x00, 0x00, 0x00, 
	0x00, 0x00, 0x00, 0x00, 0x00, 0x00, 0x00, 0x00, 0x00, 0x00, 0x00, 0x00, 0x00, 0x00, 0x00, 0x00, 
	0x00, 0x00, 0x00, 0x00, 0x00, 0x00, 0x00, 0x00, 0x00, 0x00, 0x00, 0x00, 0x00, 0x00, 0x00, 0x00, 
	0x00, 0x00, 0x00, 0x00, 0x00, 0x00, 0x00, 0x00, 0x00, 0x00, 0x00, 0x00, 0x00, 0x00, 0x00, 0x00, 
	0x00, 0x00, 0x00, 0x00, 0x00, 0x00, 0x00, 0x00, 0x00, 0x00, 0x00, 0x00, 0x00, 0x00, 0x00, 0x00, 
	0x00, 0x00, 0x00, 0x00, 0x00, 0x00, 0x00, 0x00, 0x00, 0x00, 0x00, 0x00, 0x00, 0x00, 0x00, 0x00, 
	0x00, 0x00, 0x00, 0x00, 0x00, 0x00, 0x00, 0x00, 0x00, 0x00, 0x00, 0x00, 0x00, 0x00, 0x00, 0x00, 
	0x00, 0x00, 0x00, 0x00, 0x00, 0x00, 0x00, 0x00, 0x00, 0x00, 0x00, 0x00, 0x00, 0x00, 0x00, 0x00, 
	0x00, 0x00, 0x00, 0x00, 0x00, 0x00, 0x00, 0x00, 0x00, 0x00, 0x00, 0x00, 0x00, 0x00, 0x00, 0x00, 
	0x00, 0x00, 0x00, 0x00, 0x00, 0x00, 0x00, 0x00, 0x00, 0x00, 0x00, 0x00, 0x00, 0x00, 0x00, 0x00, 
	0x00, 0x00, 0x00, 0x00, 0x00, 0x00, 0x00, 0x00, 0x00, 0x00, 0x00, 0x00, 0x00, 0x00, 0x00, 0x00, 
	0x00, 0x00, 0x00, 0x00, 0x00, 0x00, 0x00, 0x00, 0x00, 0x00, 0x00, 0x00, 0x00, 0x00, 0x00, 0x00, 
	0x00, 0x00, 0x00, 0x00, 0x00, 0x00, 0x00, 0x00, 0x00, 0x00, 0x00, 0x00, 0x00, 0x00, 0x00, 0x00, 
	0x00, 0x00, 0x00, 0x00, 0x00, 0x00, 0x00, 0x00, 0x00, 0x00, 0x00, 0x00, 0x00, 0x00, 0x00, 0x00, 
	0x00, 0x00, 0x00, 0x00, 0x00, 0x00, 0x00, 0x00, 0x00, 0x00, 0x00, 0x00, 0x00, 0x00, 0x00, 0x00, 
	0x00, 0x00, 0x00, 0x00, 0x00, 0x00, 0x00, 0x00, 0x00, 0x00, 0x00, 0x00, 0x00, 0x00, 0x00, 0x00, 
	0x00, 0x00, 0x00, 0x00, 0x00, 0x00, 0x00, 0x00, 0x00, 0x00, 0x00, 0x00, 0x00, 0x00, 0x00, 0x00, 
	0x00, 0x00, 0x00, 0x00, 0x00, 0x00, 0x00, 0x00, 0x00, 0x00, 0x00, 0x00, 0x00, 0x00, 0x00, 0x00, 
	0x00, 0x00, 0x00, 0x00, 0x00, 0x00, 0x00, 0x00, 0x00, 0x00, 0x00, 0x00, 0x00, 0x00, 0x00, 0x00, 
	0x00, 0x00, 0x00, 0x00, 0x00, 0x00, 0x00, 0x00, 0x00, 0x00, 0x00, 0x00, 0x00, 0x00, 0x00, 0x00, 
	0x00, 0x00, 0x00, 0x00, 0x00, 0x00, 0x00, 0x00, 0x00, 0x00, 0x00, 0x00, 0x00, 0x00, 0x00, 0x00, 
	0x00, 0x00, 0x00, 0x00, 0x00, 0x00, 0x00, 0x00, 0x00, 0x00, 0x00, 0x00, 0x00, 0x00, 0x00, 0x00, 
	0x00, 0x00, 0x00, 0x00, 0x00, 0x00, 0x00, 0x00, 0x00, 0x00, 0x00, 0x00, 0x00, 0x00, 0x00, 0x00, 
	0x00, 0x00, 0x00, 0x00, 0x00, 0x00, 0x00, 0x00, 0x00, 0x00, 0x00, 0x00, 0x00, 0x00, 0x00, 0x00, 
	0x00, 0x00, 0x00, 0x00, 0x00, 0x00, 0x00, 0x00, 0x00, 0x00, 0x00, 0x00, 0x00, 0x00, 0x00, 0x00, 
	0x00, 0x00, 0x00, 0x00, 0x00, 0x00, 0x00, 0x00, 0x00, 0x00, 0x00, 0x00, 0x00, 0x00, 0x00, 0x00, 
	0x00, 0x00, 0x00, 0x00, 0x00, 0x00, 0x00, 0x00, 0x00, 0x00, 0x00, 0x00, 0x00, 0x00, 0x00, 0x00, 
	0x00, 0x00, 0x00, 0x00, 0x00, 0x00, 0x00, 0x00, 0x00, 0x00, 0x00, 0x00, 0x00, 0x00, 0x00, 0x00, 
	0x00, 0x00, 0x00, 0x00, 0x00, 0x00, 0x00, 0x00, 0x00, 0x00, 0x00, 0x00, 0x00, 0x00, 0x00, 0x00, 
	0x00, 0x00, 0x00, 0x00, 0x00, 0x00, 0x00, 0x00, 0x00, 0x00, 0x00, 0x00, 0x00, 0x00, 0x00, 0x00, 
	0x00, 0x00, 0x00, 0x00, 0x00, 0x00, 0x00, 0x00, 0x00, 0x00, 0x00, 0x00, 0x00, 0x00, 0x00, 0x00, 
	0x00, 0x00, 0x00, 0x00, 0x00, 0xf0, 0xff, 0x7f, 0x00, 0x00, 0x00, 0x00, 0x00, 0x00, 0x00, 0x00, 
	0x00, 0x00, 0x00, 0x00, 0x00, 0xf0, 0xff, 0xff, 0x03, 0x00, 0x00, 0x00, 0x00, 0x00, 0x00, 0x00, 
	0x00, 0x00, 0x00, 0x00, 0x00, 0xf0, 0xff, 0xff, 0x07, 0x00, 0x00, 0x00, 0x00, 0x00, 0x00, 0x00, 
	0x00, 0x00, 0x00, 0x00, 0x00, 0xf0, 0xff, 0xff, 0x03, 0x00, 0x00, 0x00, 0x00, 0x00, 0x00, 0x00, 
	0x00, 0x00, 0x00, 0x00, 0x00, 0xf0, 0xff, 0xff, 0x01, 0x00, 0x00, 0x00, 0x00, 0x00, 0x00, 0x00, 
	0x00, 0x00, 0x00, 0x00, 0x00, 0xf0, 0xff, 0xff, 0x01, 0x00, 0x00, 0x00, 0x00, 0x00, 0x00, 0x00, 
	0x00, 0x00, 0x00, 0x00, 0x00, 0xe0, 0xff, 0xff, 0x00, 0x00, 0x00, 0x00, 0x00, 0x00, 0x00, 0x00, 
	0x00, 0x00, 0x00, 0x00, 0x00, 0xe0, 0xff, 0xff, 0x00, 0x00, 0x00, 0x00, 0x00, 0x00, 0x00, 0x00, 
	0x00, 0x00, 0x00, 0x00, 0x00, 0xe0, 0xff, 0xff, 0x01, 0x00, 0x00, 0x00, 0x00, 0x00, 0x00, 0x00, 
	0x00, 0x00, 0x00, 0x00, 0x00, 0xe0, 0xff, 0xff, 0x03, 0x00, 0x00, 0x00, 0x00, 0x00, 0x00, 0x00, 
	0x00, 0x00, 0x00, 0x00, 0x00, 0xc0, 0xff, 0xff, 0x07, 0x00, 0x00, 0x00, 0x00, 0x00, 0x00, 0x00, 
	0x00, 0x00, 0x00, 0x00, 0x00, 0xc0, 0xff, 0xff, 0x0f, 0x00, 0x00, 0x00, 0x00, 0x00, 0x00, 0x00, 
	0x00, 0x00, 0x00, 0x00, 0x00, 0xc0, 0xff, 0xff, 0x1f, 0x00, 0x00, 0x00, 0x00, 0x00, 0x00, 0x00, 
	0x00, 0x00, 0x00, 0x00, 0x00, 0xc0, 0xff, 0xff, 0x3f, 0x00, 0x00, 0x00, 0x00, 0x00, 0x00, 0x00, 
	0x00, 0x00, 0x00, 0x00, 0x00, 0x80, 0xff, 0xff, 0x7f, 0x00, 0x00, 0x00, 0x00, 0x00, 0x00, 0x00, 
	0x00, 0x00, 0x00, 0x00, 0x00, 0x80, 0xff, 0xff, 0xff, 0x01, 0x00, 0x00, 0x00, 0x00, 0x00, 0x00, 
	0x00, 0x00, 0x00, 0x00, 0x00, 0x80, 0xff, 0xff, 0xff, 0x03, 0x00, 0x00, 0x00, 0x00, 0x00, 0x00, 
	0x00, 0x00, 0x00, 0x00, 0x00, 0x80, 0xff, 0xff, 0xff, 0x07, 0x00, 0x00, 0x00, 0x00, 0x00, 0x00, 
	0x00, 0x00, 0x00, 0x00, 0x00, 0x80, 0xdf, 0xff, 0xff, 0x03, 0x00, 0x00, 0x00, 0x00, 0x00, 0x00, 
	0x00, 0x00, 0x00, 0x00, 0x00, 0x80, 0x0f, 0xff, 0xff, 0x01, 0x00, 0x00, 0x00, 0x00, 0x00, 0x00, 
	0x00, 0x00, 0x00, 0x00, 0x00, 0x80, 0x07, 0xfe, 0xff, 0x00, 0x00, 0x00, 0x00, 0x00, 0x00, 0x00, 
	0x00, 0x00, 0x00, 0x00, 0x00, 0x00, 0x03, 0xfc, 0x7f, 0x00, 0x00, 0x00, 0x00, 0x00, 0x00, 0x00, 
	0x00, 0x00, 0x00, 0x00, 0x00, 0x00, 0x01, 0xf0, 0x3f, 0x00, 0x00, 0x00, 0x00, 0x00, 0x00, 0x00, 
	0x00, 0x00, 0x00, 0x00, 0x00, 0x00, 0x00, 0xe0, 0x1f, 0x00, 0x00, 0x00, 0x00, 0x00, 0x00, 0x00, 
	0x00, 0x00, 0x00, 0x00, 0x00, 0x00, 0x00, 0xc0, 0x0f, 0x00, 0x00, 0x00, 0x00, 0x00, 0x00, 0x00, 
	0x00, 0x00, 0x00, 0x00, 0x00, 0x00, 0x00, 0x80, 0x07, 0x00, 0x00, 0x00, 0x00, 0x00, 0x00, 0x00, 
	0x00, 0x00, 0x00, 0x00, 0x00, 0x00, 0x00, 0x00, 0x03, 0x00, 0x00, 0x00, 0x00, 0x00, 0x00, 0x00, 
	0x00, 0x00, 0x00, 0x00, 0x00, 0x00, 0x00, 0x00, 0x00, 0x00, 0x00, 0x00, 0x00, 0x00, 0x00, 0x00, 
	0x00, 0x00, 0x00, 0x00, 0x00, 0x00, 0x00, 0x00, 0x00, 0x00, 0x00, 0x00, 0x00, 0x00, 0x00, 0x00
};
// 'arrowjump4', 128x64px
const unsigned char arrowjump4 [] = {
	0x00, 0x00, 0x00, 0x00, 0x00, 0x00, 0x00, 0x00, 0x00, 0x00, 0x00, 0x00, 0x00, 0x00, 0x00, 0x00, 
	0x00, 0x00, 0x00, 0x00, 0x00, 0x00, 0x00, 0x00, 0x00, 0x00, 0x00, 0x00, 0x00, 0x00, 0x00, 0x00, 
	0x00, 0x00, 0x00, 0x00, 0x00, 0x00, 0x00, 0x00, 0x00, 0x00, 0x00, 0x00, 0x00, 0x00, 0x00, 0x00, 
	0x00, 0x00, 0x00, 0x00, 0x00, 0x00, 0x00, 0x00, 0x00, 0x00, 0x00, 0x00, 0x00, 0x00, 0x00, 0x00, 
	0x00, 0x00, 0x00, 0x00, 0x00, 0x00, 0x00, 0x00, 0x00, 0x00, 0x00, 0x00, 0x00, 0x00, 0x00, 0x00, 
	0x00, 0x00, 0x00, 0x00, 0x00, 0x00, 0x00, 0x00, 0x00, 0x00, 0x00, 0x00, 0x00, 0x00, 0x00, 0x00, 
	0x00, 0x00, 0x00, 0x00, 0x00, 0x00, 0x00, 0x00, 0x00, 0x00, 0x00, 0x00, 0x00, 0x00, 0x00, 0x00, 
	0x00, 0x00, 0x00, 0x00, 0x00, 0x00, 0x00, 0x00, 0x00, 0x00, 0x00, 0x00, 0x00, 0x00, 0x00, 0x00, 
	0x00, 0x00, 0x00, 0x00, 0x00, 0x00, 0x00, 0x00, 0x00, 0x00, 0x00, 0x00, 0x00, 0x00, 0x00, 0x00, 
	0x00, 0x00, 0x00, 0x00, 0x00, 0x00, 0x00, 0x00, 0x00, 0x00, 0x00, 0x00, 0x00, 0x00, 0x00, 0x00, 
	0x00, 0x00, 0x00, 0x00, 0x00, 0x00, 0x00, 0x00, 0x00, 0x00, 0x00, 0x00, 0x00, 0x00, 0x00, 0x00, 
	0x00, 0x00, 0x00, 0x00, 0x00, 0x00, 0x00, 0x00, 0x00, 0x00, 0x00, 0x00, 0x00, 0x00, 0x00, 0x00, 
	0x00, 0x00, 0x00, 0x00, 0x00, 0x00, 0x00, 0x00, 0x00, 0x00, 0x00, 0x00, 0x00, 0x00, 0x00, 0x00, 
	0x00, 0x00, 0x00, 0x00, 0x00, 0x00, 0x00, 0x00, 0x00, 0x00, 0x00, 0x00, 0x00, 0x00, 0x00, 0x00, 
	0x00, 0x00, 0x00, 0x00, 0x00, 0x00, 0x00, 0x00, 0x00, 0x00, 0x00, 0x00, 0x00, 0x00, 0x00, 0x00, 
	0x00, 0x00, 0x00, 0x00, 0x00, 0x00, 0x00, 0x00, 0x00, 0x00, 0x00, 0x00, 0x00, 0x00, 0x00, 0x00, 
	0x00, 0x00, 0x00, 0x00, 0x00, 0x00, 0x00, 0x00, 0x00, 0x00, 0x00, 0x00, 0x00, 0x00, 0x00, 0x00, 
	0x00, 0x00, 0x00, 0x00, 0x00, 0x00, 0x00, 0x00, 0x00, 0x00, 0x00, 0x00, 0x00, 0x00, 0x00, 0x00, 
	0x00, 0x00, 0x00, 0x00, 0x00, 0x00, 0x00, 0x00, 0x00, 0x00, 0x00, 0x00, 0x00, 0x00, 0x00, 0x00, 
	0x00, 0x00, 0x00, 0x30, 0x00, 0x00, 0x00, 0x00, 0x00, 0x00, 0x00, 0x00, 0x00, 0x00, 0x00, 0x00, 
	0x00, 0x00, 0x00, 0xf8, 0x07, 0x00, 0x00, 0x00, 0x00, 0x00, 0x00, 0x00, 0x00, 0x00, 0x00, 0x00, 
	0x00, 0x00, 0x00, 0xf8, 0xff, 0x00, 0x00, 0x00, 0x00, 0x00, 0x00, 0x00, 0x00, 0x00, 0x00, 0x00, 
	0x00, 0x00, 0x00, 0xf0, 0xff, 0x0f, 0x00, 0x00, 0x00, 0x00, 0x00, 0x00, 0x00, 0x00, 0x00, 0x00, 
	0x00, 0x00, 0x00, 0xf0, 0xff, 0xff, 0x0f, 0x00, 0x00, 0x00, 0x00, 0x00, 0x00, 0x00, 0x00, 0x00, 
	0x00, 0x00, 0x00, 0xf0, 0xff, 0xff, 0xff, 0x01, 0x00, 0x00, 0x00, 0x00, 0x00, 0x00, 0x00, 0x00, 
	0x00, 0x00, 0x00, 0xf0, 0xff, 0xff, 0xff, 0x00, 0x00, 0x00, 0x00, 0x00, 0x00, 0x00, 0x00, 0x00, 
	0x00, 0x00, 0x00, 0xf0, 0xff, 0xff, 0x3f, 0x00, 0x00, 0x00, 0x00, 0x00, 0x00, 0x00, 0x00, 0x00, 
	0x00, 0x00, 0x00, 0xf0, 0xff, 0xff, 0x1f, 0x00, 0x00, 0x00, 0x00, 0x00, 0x00, 0x00, 0x00, 0x00, 
	0x00, 0x00, 0x00, 0xf0, 0xff, 0xff, 0x0f, 0x00, 0x00, 0x00, 0x00, 0x00, 0x00, 0x00, 0x00, 0x00, 
	0x00, 0x00, 0x00, 0xe0, 0xff, 0xff, 0x07, 0x00, 0x00, 0x00, 0x00, 0x00, 0x00, 0x00, 0x00, 0x00, 
	0x00, 0x00, 0x00, 0xe0, 0xff, 0xff, 0x07, 0x00, 0x00, 0x00, 0x00, 0x00, 0x00, 0x00, 0x00, 0x00, 
	0x00, 0x00, 0x00, 0xe0, 0xff, 0xff, 0x0f, 0x00, 0x00, 0x00, 0x00, 0x00, 0x00, 0x00, 0x00, 0x00, 
	0x00, 0x00, 0x00, 0xe0, 0xff, 0xff, 0x1f, 0x00, 0x00, 0x00, 0x00, 0x00, 0x00, 0x00, 0x00, 0x00, 
	0x00, 0x00, 0x00, 0xe0, 0xff, 0xff, 0x3f, 0x00, 0x00, 0x00, 0x00, 0x00, 0x00, 0x00, 0x00, 0x00, 
	0x00, 0x00, 0x00, 0xe0, 0xff, 0xff, 0x7f, 0x00, 0x00, 0x00, 0x00, 0x00, 0x00, 0x00, 0x00, 0x00, 
	0x00, 0x00, 0x00, 0xe0, 0xff, 0xff, 0xff, 0x00, 0x00, 0x00, 0x00, 0x00, 0x00, 0x00, 0x00, 0x00, 
	0x00, 0x00, 0x00, 0xe0, 0xff, 0xff, 0xff, 0x01, 0x00, 0x00, 0x00, 0x00, 0x00, 0x00, 0x00, 0x00, 
	0x00, 0x00, 0x00, 0xc0, 0xff, 0xff, 0xff, 0x03, 0x00, 0x00, 0x00, 0x00, 0x00, 0x00, 0x00, 0x00, 
	0x00, 0x00, 0x00, 0xc0, 0xff, 0xff, 0xff, 0x07, 0x00, 0x00, 0x00, 0x00, 0x00, 0x00, 0x00, 0x00, 
	0x00, 0x00, 0x00, 0xc0, 0xff, 0xff, 0xff, 0x0f, 0x00, 0x00, 0x00, 0x00, 0x00, 0x00, 0x00, 0x00, 
	0x00, 0x00, 0x00, 0xc0, 0x7f, 0xfe, 0xff, 0x1f, 0x00, 0x00, 0x00, 0x00, 0x00, 0x00, 0x00, 0x00, 
	0x00, 0x00, 0x00, 0xc0, 0x3f, 0xfc, 0xff, 0x3f, 0x00, 0x00, 0x00, 0x00, 0x00, 0x00, 0x00, 0x00, 
	0x00, 0x00, 0x00, 0xc0, 0x1f, 0xf8, 0xff, 0x7f, 0x00, 0x00, 0x00, 0x00, 0x00, 0x00, 0x00, 0x00, 
	0x00, 0x00, 0x00, 0xc0, 0x0f, 0xf0, 0xff, 0xff, 0x00, 0x00, 0x00, 0x00, 0x00, 0x00, 0x00, 0x00, 
	0x00, 0x00, 0x00, 0x80, 0x07, 0xe0, 0xff, 0xff, 0x01, 0x00, 0x00, 0x00, 0x00, 0x00, 0x00, 0x00, 
	0x00, 0x00, 0x00, 0x80, 0x03, 0xc0, 0xff, 0xff, 0x03, 0x00, 0x00, 0x00, 0x00, 0x00, 0x00, 0x00, 
	0x00, 0x00, 0x00, 0x80, 0x03, 0x80, 0xff, 0xff, 0x07, 0x00, 0x00, 0x00, 0x00, 0x00, 0x00, 0x00, 
	0x00, 0x00, 0x00, 0x00, 0x01, 0x00, 0xff, 0xff, 0x0f, 0x00, 0x00, 0x00, 0x00, 0x00, 0x00, 0x00, 
	0x00, 0x00, 0x00, 0x00, 0x00, 0x00, 0xfe, 0xff, 0x1f, 0x00, 0x00, 0x00, 0x00, 0x00, 0x00, 0x00, 
	0x00, 0x00, 0x00, 0x00, 0x00, 0x00, 0xfc, 0xff, 0x3f, 0x00, 0x00, 0x00, 0x00, 0x00, 0x00, 0x00, 
	0x00, 0x00, 0x00, 0x00, 0x00, 0x00, 0xf8, 0xff, 0xff, 0x00, 0x00, 0x00, 0x00, 0x00, 0x00, 0x00, 
	0x00, 0x00, 0x00, 0x00, 0x00, 0x00, 0xe0, 0xff, 0xff, 0x01, 0x00, 0x00, 0x00, 0x00, 0x00, 0x00, 
	0x00, 0x00, 0x00, 0x00, 0x00, 0x00, 0xc0, 0xff, 0xff, 0x03, 0x00, 0x00, 0x00, 0x00, 0x00, 0x00, 
	0x00, 0x00, 0x00, 0x00, 0x00, 0x00, 0x80, 0xff, 0xff, 0x03, 0x00, 0x00, 0x00, 0x00, 0x00, 0x00, 
	0x00, 0x00, 0x00, 0x00, 0x00, 0x00, 0x00, 0xff, 0xff, 0x01, 0x00, 0x00, 0x00, 0x00, 0x00, 0x00, 
	0x00, 0x00, 0x00, 0x00, 0x00, 0x00, 0x00, 0xfe, 0xff, 0x00, 0x00, 0x00, 0x00, 0x00, 0x00, 0x00, 
	0x00, 0x00, 0x00, 0x00, 0x00, 0x00, 0x00, 0xf8, 0x7f, 0x00, 0x00, 0x00, 0x00, 0x00, 0x00, 0x00, 
	0x00, 0x00, 0x00, 0x00, 0x00, 0x00, 0x00, 0xf0, 0x3f, 0x00, 0x00, 0x00, 0x00, 0x00, 0x00, 0x00, 
	0x00, 0x00, 0x00, 0x00, 0x00, 0x00, 0x00, 0xe0, 0x1f, 0x00, 0x00, 0x00, 0x00, 0x00, 0x00, 0x00, 
	0x00, 0x00, 0x00, 0x00, 0x00, 0x00, 0x00, 0xc0, 0x0f, 0x00, 0x00, 0x00, 0x00, 0x00, 0x00, 0x00, 
	0x00, 0x00, 0x00, 0x00, 0x00, 0x00, 0x00, 0x80, 0x07, 0x00, 0x00, 0x00, 0x00, 0x00, 0x00, 0x00, 
	0x00, 0x00, 0x00, 0x00, 0x00, 0x00, 0x00, 0x00, 0x03, 0x00, 0x00, 0x00, 0x00, 0x00, 0x00, 0x00, 
	0x00, 0x00, 0x00, 0x00, 0x00, 0x00, 0x00, 0x00, 0x00, 0x00, 0x00, 0x00, 0x00, 0x00, 0x00, 0x00, 
	0x00, 0x00, 0x00, 0x00, 0x00, 0x00, 0x00, 0x00, 0x00, 0x00, 0x00, 0x00, 0x00, 0x00, 0x00, 0x00
};
// 'arrowjump5', 128x64px
const unsigned char arrowjump5 [] = {
	0x00, 0x00, 0x00, 0x00, 0x00, 0x00, 0x00, 0x00, 0x00, 0x00, 0x00, 0x00, 0x00, 0x00, 0x00, 0x00, 
	0x00, 0x00, 0x00, 0x00, 0x00, 0x00, 0x00, 0x00, 0x00, 0x00, 0x00, 0x00, 0x00, 0x00, 0x00, 0x00, 
	0x00, 0x00, 0x00, 0x00, 0x00, 0x00, 0x00, 0x00, 0x00, 0x00, 0x00, 0x00, 0x00, 0x00, 0x00, 0x00, 
	0x00, 0x00, 0x00, 0x00, 0x00, 0x00, 0x00, 0x00, 0x00, 0x00, 0x00, 0x00, 0x00, 0x00, 0x00, 0x00, 
	0x00, 0x00, 0x00, 0x00, 0x00, 0x00, 0x00, 0x00, 0x00, 0x00, 0x00, 0x00, 0x00, 0x00, 0x00, 0x00, 
	0x00, 0x00, 0x00, 0x00, 0x00, 0x00, 0x00, 0x00, 0x00, 0x00, 0x00, 0x00, 0x00, 0x00, 0x00, 0x00, 
	0x00, 0x00, 0x00, 0x00, 0x00, 0x00, 0x00, 0x00, 0x00, 0x00, 0x00, 0x00, 0x00, 0x00, 0x00, 0x00, 
	0x00, 0x00, 0x00, 0x00, 0x00, 0x00, 0x00, 0x00, 0x00, 0x00, 0x00, 0x00, 0x00, 0x00, 0x00, 0x00, 
	0x00, 0x00, 0x00, 0x00, 0x00, 0x00, 0x00, 0x00, 0x00, 0x00, 0x00, 0x00, 0x00, 0x00, 0x00, 0x00, 
	0x00, 0x00, 0x00, 0x00, 0x00, 0x00, 0x00, 0x00, 0x00, 0x00, 0x00, 0x00, 0x00, 0x00, 0x00, 0x00, 
	0x00, 0x00, 0x00, 0x00, 0x00, 0x00, 0x00, 0x00, 0x00, 0x00, 0x00, 0x00, 0x00, 0x00, 0x00, 0x00, 
	0x00, 0x00, 0x00, 0x00, 0x00, 0x00, 0x00, 0x00, 0x00, 0x00, 0x00, 0x00, 0x00, 0x00, 0x00, 0x00, 
	0x00, 0x00, 0xf0, 0x03, 0x00, 0x00, 0x00, 0x00, 0x00, 0x00, 0x00, 0x00, 0x00, 0x00, 0x00, 0x00, 
	0x00, 0x00, 0xf0, 0xff, 0x03, 0x00, 0x00, 0x00, 0x00, 0x00, 0x00, 0x00, 0x00, 0x00, 0x00, 0x00, 
	0x00, 0x00, 0xf0, 0xff, 0x1f, 0x00, 0x00, 0x00, 0x00, 0x00, 0x00, 0x00, 0x00, 0x00, 0x00, 0x00, 
	0x00, 0x00, 0xf0, 0xff, 0xff, 0xff, 0x00, 0x00, 0x00, 0x00, 0x00, 0x00, 0x00, 0x00, 0x00, 0x00, 
	0x00, 0x00, 0xf0, 0xff, 0xff, 0xff, 0x03, 0x00, 0x00, 0x00, 0x00, 0x00, 0x00, 0x00, 0x00, 0x00, 
	0x00, 0x00, 0xf0, 0xff, 0xff, 0xff, 0x03, 0x00, 0x00, 0x00, 0x00, 0x00, 0x00, 0x00, 0x00, 0x00, 
	0x00, 0x00, 0xf0, 0xff, 0xff, 0xff, 0x01, 0x00, 0x00, 0x00, 0x00, 0x00, 0x00, 0x00, 0x00, 0x00, 
	0x00, 0x00, 0xf0, 0xff, 0xff, 0xff, 0x00, 0x00, 0x00, 0x00, 0x00, 0x00, 0x00, 0x00, 0x00, 0x00, 
	0x00, 0x00, 0xf0, 0xff, 0xff, 0x7f, 0x00, 0x00, 0x00, 0x00, 0x00, 0x00, 0x00, 0x00, 0x00, 0x00, 
	0x00, 0x00, 0xf0, 0xff, 0xff, 0x7f, 0x00, 0x00, 0x00, 0x00, 0x00, 0x00, 0x00, 0x00, 0x00, 0x00, 
	0x00, 0x00, 0xe0, 0xff, 0xff, 0x1f, 0x00, 0x00, 0x00, 0x00, 0x00, 0x00, 0x00, 0x00, 0x00, 0x00, 
	0x00, 0x00, 0xe0, 0xff, 0xff, 0x0f, 0x00, 0x00, 0x00, 0x00, 0x00, 0x00, 0x00, 0x00, 0x00, 0x00, 
	0x00, 0x00, 0xe0, 0xff, 0xff, 0x07, 0x00, 0x00, 0x00, 0x00, 0x00, 0x00, 0x00, 0x00, 0x00, 0x00, 
	0x00, 0x00, 0xe0, 0xff, 0xff, 0x0f, 0x00, 0x00, 0x00, 0x00, 0x00, 0x00, 0x00, 0x00, 0x00, 0x00, 
	0x00, 0x00, 0xe0, 0xff, 0xff, 0x1f, 0x00, 0x00, 0x00, 0x00, 0x00, 0x00, 0x00, 0x00, 0x00, 0x00, 
	0x00, 0x00, 0xe0, 0xff, 0xff, 0x3f, 0x00, 0x00, 0x00, 0x00, 0x00, 0x00, 0x00, 0x00, 0x00, 0x00, 
	0x00, 0x00, 0xe0, 0xff, 0xff, 0x7f, 0x00, 0x00, 0x00, 0x00, 0x00, 0x00, 0x00, 0x00, 0x00, 0x00, 
	0x00, 0x00, 0xe0, 0xff, 0xff, 0xff, 0x00, 0x00, 0x00, 0x00, 0x00, 0x00, 0x00, 0x00, 0x00, 0x00, 
	0x00, 0x00, 0xc0, 0xff, 0xff, 0xff, 0x03, 0x00, 0x00, 0x00, 0x00, 0x00, 0x00, 0x00, 0x00, 0x00, 
	0x00, 0x00, 0xc0, 0xff, 0xff, 0xff, 0x07, 0x00, 0x00, 0x00, 0x00, 0x00, 0x00, 0x00, 0x00, 0x00, 
	0x00, 0x00, 0xc0, 0xff, 0xff, 0xff, 0x0f, 0x00, 0x00, 0x00, 0x00, 0x00, 0x00, 0x00, 0x00, 0x00, 
	0x00, 0x00, 0xc0, 0xff, 0xfe, 0xff, 0x3f, 0x00, 0x00, 0x00, 0x00, 0x00, 0x00, 0x00, 0x00, 0x00, 
	0x00, 0x00, 0xc0, 0x7f, 0xfe, 0xff, 0x7f, 0x00, 0x00, 0x00, 0x00, 0x00, 0x00, 0x00, 0x00, 0x00, 
	0x00, 0x00, 0xc0, 0x3f, 0xf8, 0xff, 0xff, 0x00, 0x00, 0x00, 0x00, 0x00, 0x00, 0x00, 0x00, 0x00, 
	0x00, 0x00, 0xc0, 0x1f, 0xf0, 0xff, 0xff, 0x01, 0x00, 0x00, 0x00, 0x00, 0x00, 0x00, 0x00, 0x00, 
	0x00, 0x00, 0xc0, 0x0f, 0xe0, 0xff, 0xff, 0x03, 0x00, 0x00, 0x00, 0x00, 0x00, 0x00, 0x00, 0x00, 
	0x00, 0x00, 0x80, 0x06, 0xc0, 0xff, 0xff, 0x07, 0x00, 0x00, 0x00, 0x00, 0x00, 0x00, 0x00, 0x00, 
	0x00, 0x00, 0xc0, 0x01, 0x00, 0xff, 0xff, 0x0f, 0x00, 0x00, 0x00, 0x00, 0x00, 0x00, 0x00, 0x00, 
	0x00, 0x00, 0x80, 0x00, 0x00, 0xfe, 0xff, 0x1f, 0x00, 0x00, 0x00, 0x00, 0x00, 0x00, 0x00, 0x00, 
	0x00, 0x00, 0x00, 0x00, 0x00, 0xfc, 0xff, 0x3f, 0x00, 0x00, 0x00, 0x00, 0x00, 0x00, 0x00, 0x00, 
	0x00, 0x00, 0x00, 0x00, 0x00, 0xf8, 0xff, 0x7f, 0x00, 0x00, 0x00, 0x00, 0x00, 0x00, 0x00, 0x00, 
	0x00, 0x00, 0x00, 0x00, 0x00, 0xf0, 0xff, 0xff, 0x00, 0x00, 0x00, 0x00, 0x00, 0x00, 0x00, 0x00, 
	0x00, 0x00, 0x00, 0x00, 0x00, 0xe0, 0xff, 0xff, 0x01, 0x00, 0x00, 0x00, 0x00, 0x00, 0x00, 0x00, 
	0x00, 0x00, 0x00, 0x00, 0x00, 0x80, 0xff, 0xff, 0x03, 0x00, 0x00, 0x00, 0x00, 0x00, 0x00, 0x00, 
	0x00, 0x00, 0x00, 0x00, 0x00, 0x00, 0xff, 0xff, 0x07, 0x00, 0x00, 0x00, 0x00, 0x00, 0x00, 0x00, 
	0x00, 0x00, 0x00, 0x00, 0x00, 0x00, 0xfe, 0xff, 0x0f, 0x00, 0x00, 0x00, 0x00, 0x00, 0x00, 0x00, 
	0x00, 0x00, 0x00, 0x00, 0x00, 0x00, 0xfc, 0xff, 0x1f, 0x00, 0x00, 0x00, 0x00, 0x00, 0x00, 0x00, 
	0x00, 0x00, 0x00, 0x00, 0x00, 0x00, 0xf8, 0xff, 0x3f, 0x00, 0x00, 0x00, 0x00, 0x00, 0x00, 0x00, 
	0x00, 0x00, 0x00, 0x00, 0x00, 0x00, 0xf0, 0xff, 0x7f, 0x00, 0x00, 0x00, 0x00, 0x00, 0x00, 0x00, 
	0x00, 0x00, 0x00, 0x00, 0x00, 0x00, 0xe0, 0xff, 0xff, 0x00, 0x00, 0x00, 0x00, 0x00, 0x00, 0x00, 
	0x00, 0x00, 0x00, 0x00, 0x00, 0x00, 0x80, 0xff, 0xff, 0x01, 0x00, 0x00, 0x00, 0x00, 0x00, 0x00, 
	0x00, 0x00, 0x00, 0x00, 0x00, 0x00, 0x00, 0xff, 0xff, 0x03, 0x00, 0x00, 0x00, 0x00, 0x00, 0x00, 
	0x00, 0x00, 0x00, 0x00, 0x00, 0x00, 0x00, 0xfe, 0xff, 0x0f, 0x00, 0x00, 0x00, 0x00, 0x00, 0x00, 
	0x00, 0x00, 0x00, 0x00, 0x00, 0x00, 0x00, 0xfc, 0xff, 0x07, 0x00, 0x00, 0x00, 0x00, 0x00, 0x00, 
	0x00, 0x00, 0x00, 0x00, 0x00, 0x00, 0x00, 0xf8, 0xff, 0x03, 0x00, 0x00, 0x00, 0x00, 0x00, 0x00, 
	0x00, 0x00, 0x00, 0x00, 0x00, 0x00, 0x00, 0xf0, 0xff, 0x01, 0x00, 0x00, 0x00, 0x00, 0x00, 0x00, 
	0x00, 0x00, 0x00, 0x00, 0x00, 0x00, 0x00, 0xe0, 0xff, 0x00, 0x00, 0x00, 0x00, 0x00, 0x00, 0x00, 
	0x00, 0x00, 0x00, 0x00, 0x00, 0x00, 0x00, 0xc0, 0x7f, 0x00, 0x00, 0x00, 0x00, 0x00, 0x00, 0x00, 
	0x00, 0x00, 0x00, 0x00, 0x00, 0x00, 0x00, 0x80, 0x3f, 0x00, 0x00, 0x00, 0x00, 0x00, 0x00, 0x00, 
	0x00, 0x00, 0x00, 0x00, 0x00, 0x00, 0x00, 0x00, 0x1f, 0x00, 0x00, 0x00, 0x00, 0x00, 0x00, 0x00, 
	0x00, 0x00, 0x00, 0x00, 0x00, 0x00, 0x00, 0x00, 0x02, 0x00, 0x00, 0x00, 0x00, 0x00, 0x00, 0x00, 
	0x00, 0x00, 0x00, 0x00, 0x00, 0x00, 0x00, 0x00, 0x00, 0x00, 0x00, 0x00, 0x00, 0x00, 0x00, 0x00
};
// 'arrowjump6', 128x64px
const unsigned char arrowjump6 [] = {
	0x00, 0x00, 0x00, 0x00, 0x00, 0x00, 0x00, 0x00, 0x00, 0x00, 0x00, 0x00, 0x00, 0x00, 0x00, 0x00, 
	0x00, 0x00, 0x00, 0x00, 0x00, 0x00, 0x00, 0x00, 0x00, 0x00, 0x00, 0x00, 0x00, 0x00, 0x00, 0x00, 
	0x00, 0x00, 0x00, 0x00, 0x00, 0x00, 0x00, 0x00, 0x00, 0x00, 0x00, 0x00, 0x00, 0x00, 0x00, 0x00, 
	0x00, 0x00, 0x00, 0x00, 0x00, 0x00, 0x00, 0x00, 0x00, 0x00, 0x00, 0x00, 0x00, 0x00, 0x00, 0x00, 
	0x00, 0x00, 0x00, 0x00, 0x00, 0x00, 0x00, 0x00, 0x00, 0x00, 0x00, 0x00, 0x00, 0x00, 0x00, 0x00, 
	0x00, 0x00, 0x00, 0x00, 0x00, 0x00, 0x00, 0x00, 0x00, 0x00, 0x00, 0x00, 0x00, 0x00, 0x00, 0x00, 
	0x00, 0x00, 0x00, 0x00, 0x00, 0x00, 0x00, 0x00, 0x00, 0x00, 0x00, 0x00, 0x00, 0x00, 0x00, 0x00, 
	0x00, 0x00, 0x0f, 0x00, 0x00, 0x00, 0x00, 0x00, 0x00, 0x00, 0x00, 0x00, 0x00, 0x00, 0x00, 0x00, 
	0x00, 0x00, 0xff, 0x01, 0x00, 0x00, 0x00, 0x00, 0x00, 0x00, 0x00, 0x00, 0x00, 0x00, 0x00, 0x00, 
	0x00, 0x00, 0xff, 0x0f, 0x00, 0x00, 0x00, 0x00, 0x00, 0x00, 0x00, 0x00, 0x00, 0x00, 0x00, 0x00, 
	0x00, 0x00, 0xff, 0xff, 0x0f, 0x00, 0x00, 0x00, 0x00, 0x00, 0x00, 0x00, 0x00, 0x00, 0x00, 0x00, 
	0x00, 0x00, 0xff, 0xff, 0xff, 0x0f, 0x00, 0x00, 0x00, 0x00, 0x00, 0x00, 0x00, 0x00, 0x00, 0x00, 
	0x00, 0x00, 0xff, 0xff, 0xff, 0x07, 0x00, 0x00, 0x00, 0x00, 0x00, 0x00, 0x00, 0x00, 0x00, 0x00, 
	0x00, 0x00, 0xff, 0xff, 0xff, 0x03, 0x00, 0x00, 0x00, 0x00, 0x00, 0x00, 0x00, 0x00, 0x00, 0x00, 
	0x00, 0x00, 0xfe, 0xff, 0xff, 0x01, 0x00, 0x00, 0x00, 0x00, 0x00, 0x00, 0x00, 0x00, 0x00, 0x00, 
	0x00, 0x00, 0xfe, 0xff, 0xff, 0x00, 0x00, 0x00, 0x00, 0x00, 0x00, 0x00, 0x00, 0x00, 0x00, 0x00, 
	0x00, 0x00, 0xfe, 0xff, 0x7f, 0x00, 0x00, 0x00, 0x00, 0x00, 0x00, 0x00, 0x00, 0x00, 0x00, 0x00, 
	0x00, 0x00, 0xfe, 0xff, 0x3f, 0x00, 0x00, 0x00, 0x00, 0x00, 0x00, 0x00, 0x00, 0x00, 0x00, 0x00, 
	0x00, 0x00, 0xfe, 0xff, 0x1f, 0x00, 0x00, 0x00, 0x00, 0x00, 0x00, 0x00, 0x00, 0x00, 0x00, 0x00, 
	0x00, 0x00, 0xfe, 0xff, 0x3f, 0x00, 0x00, 0x00, 0x00, 0x00, 0x00, 0x00, 0x00, 0x00, 0x00, 0x00, 
	0x00, 0x00, 0xfe, 0xff, 0x7f, 0x00, 0x00, 0x00, 0x00, 0x00, 0x00, 0x00, 0x00, 0x00, 0x00, 0x00, 
	0x00, 0x00, 0xfe, 0xff, 0xff, 0x00, 0x00, 0x00, 0x00, 0x00, 0x00, 0x00, 0x00, 0x00, 0x00, 0x00, 
	0x00, 0x00, 0xfc, 0xff, 0xff, 0x01, 0x00, 0x00, 0x00, 0x00, 0x00, 0x00, 0x00, 0x00, 0x00, 0x00, 
	0x00, 0x00, 0xfc, 0xff, 0xff, 0x03, 0x00, 0x00, 0x00, 0x00, 0x00, 0x00, 0x00, 0x00, 0x00, 0x00, 
	0x00, 0x00, 0xfc, 0xff, 0xff, 0x07, 0x00, 0x00, 0x00, 0x00, 0x00, 0x00, 0x00, 0x00, 0x00, 0x00, 
	0x00, 0x00, 0xfc, 0xff, 0xff, 0x0f, 0x00, 0x00, 0x00, 0x00, 0x00, 0x00, 0x00, 0x00, 0x00, 0x00, 
	0x00, 0x00, 0xfc, 0xff, 0xff, 0x1f, 0x00, 0x00, 0x00, 0x00, 0x00, 0x00, 0x00, 0x00, 0x00, 0x00, 
	0x00, 0x00, 0xfc, 0xff, 0xff, 0x3f, 0x00, 0x00, 0x00, 0x00, 0x00, 0x00, 0x00, 0x00, 0x00, 0x00, 
	0x00, 0x00, 0xfc, 0xff, 0xff, 0xff, 0x00, 0x00, 0x00, 0x00, 0x00, 0x00, 0x00, 0x00, 0x00, 0x00, 
	0x00, 0x00, 0xf8, 0xe7, 0xff, 0xff, 0x01, 0x00, 0x00, 0x00, 0x00, 0x00, 0x00, 0x00, 0x00, 0x00, 
	0x00, 0x00, 0xf8, 0xc3, 0xff, 0xff, 0x03, 0x00, 0x00, 0x00, 0x00, 0x00, 0x00, 0x00, 0x00, 0x00, 
	0x00, 0x00, 0xf8, 0x81, 0xff, 0xff, 0x07, 0x00, 0x00, 0x00, 0x00, 0x00, 0x00, 0x00, 0x00, 0x00, 
	0x00, 0x00, 0xf8, 0x00, 0xff, 0xff, 0x0f, 0x00, 0x00, 0x00, 0x00, 0x00, 0x00, 0x00, 0x00, 0x00, 
	0x00, 0x00, 0x78, 0x00, 0xfe, 0xff, 0x3f, 0x00, 0x00, 0x00, 0x00, 0x00, 0x00, 0x00, 0x00, 0x00, 
	0x00, 0x00, 0x38, 0x00, 0xfc, 0xff, 0x7f, 0x00, 0x00, 0x00, 0x00, 0x00, 0x00, 0x00, 0x00, 0x00, 
	0x00, 0x00, 0x18, 0x00, 0xf0, 0xff, 0xff, 0x00, 0x00, 0x00, 0x00, 0x00, 0x00, 0x00, 0x00, 0x00, 
	0x00, 0x00, 0x00, 0x00, 0xe0, 0xff, 0xff, 0x01, 0x00, 0x00, 0x00, 0x00, 0x00, 0x00, 0x00, 0x00, 
	0x00, 0x00, 0x00, 0x00, 0xc0, 0xff, 0xff, 0x03, 0x00, 0x00, 0x00, 0x00, 0x00, 0x00, 0x00, 0x00, 
	0x00, 0x00, 0x00, 0x00, 0x80, 0xff, 0xff, 0x07, 0x00, 0x00, 0x00, 0x00, 0x00, 0x00, 0x00, 0x00, 
	0x00, 0x00, 0x00, 0x00, 0x00, 0xff, 0xff, 0x0f, 0x00, 0x00, 0x00, 0x00, 0x00, 0x00, 0x00, 0x00, 
	0x00, 0x00, 0x00, 0x00, 0x00, 0xfc, 0xff, 0x1f, 0x00, 0x00, 0x00, 0x00, 0x00, 0x00, 0x00, 0x00, 
	0x00, 0x00, 0x00, 0x00, 0x00, 0xf8, 0xff, 0x3f, 0x00, 0x00, 0x00, 0x00, 0x00, 0x00, 0x00, 0x00, 
	0x00, 0x00, 0x00, 0x00, 0x00, 0xf0, 0xff, 0x7f, 0x00, 0x00, 0x00, 0x00, 0x00, 0x00, 0x00, 0x00, 
	0x00, 0x00, 0x00, 0x00, 0x00, 0xe0, 0xff, 0xff, 0x00, 0x00, 0x00, 0x00, 0x00, 0x00, 0x00, 0x00, 
	0x00, 0x00, 0x00, 0x00, 0x00, 0xc0, 0xff, 0xff, 0x01, 0x00, 0x00, 0x00, 0x00, 0x00, 0x00, 0x00, 
	0x00, 0x00, 0x00, 0x00, 0x00, 0x80, 0xff, 0xff, 0x03, 0x00, 0x00, 0x00, 0x00, 0x00, 0x00, 0x00, 
	0x00, 0x00, 0x00, 0x00, 0x00, 0x00, 0xff, 0xff, 0x07, 0x00, 0x00, 0x00, 0x00, 0x00, 0x00, 0x00, 
	0x00, 0x00, 0x00, 0x00, 0x00, 0x00, 0xfe, 0xff, 0x1f, 0x00, 0x00, 0x00, 0x00, 0x00, 0x00, 0x00, 
	0x00, 0x00, 0x00, 0x00, 0x00, 0x00, 0xfc, 0xff, 0x3f, 0x00, 0x00, 0x00, 0x00, 0x00, 0x00, 0x00, 
	0x00, 0x00, 0x00, 0x00, 0x00, 0x00, 0xf8, 0xff, 0x7f, 0x00, 0x00, 0x00, 0x00, 0x00, 0x00, 0x00, 
	0x00, 0x00, 0x00, 0x00, 0x00, 0x00, 0xf0, 0xff, 0xff, 0x00, 0x00, 0x00, 0x00, 0x00, 0x00, 0x00, 
	0x00, 0x00, 0x00, 0x00, 0x00, 0x00, 0xe0, 0xff, 0xff, 0x01, 0x00, 0x00, 0x00, 0x00, 0x00, 0x00, 
	0x00, 0x00, 0x00, 0x00, 0x00, 0x00, 0xc0, 0xff, 0xff, 0x03, 0x00, 0x00, 0x00, 0x00, 0x00, 0x00, 
	0x00, 0x00, 0x00, 0x00, 0x00, 0x00, 0x00, 0xff, 0xff, 0x07, 0x00, 0x00, 0x00, 0x00, 0x00, 0x00, 
	0x00, 0x00, 0x00, 0x00, 0x00, 0x00, 0x00, 0xfe, 0xff, 0x0f, 0x00, 0x00, 0x00, 0x00, 0x00, 0x00, 
	0x00, 0x00, 0x00, 0x00, 0x00, 0x00, 0x00, 0xfc, 0xff, 0x07, 0x00, 0x00, 0x00, 0x00, 0x00, 0x00, 
	0x00, 0x00, 0x00, 0x00, 0x00, 0x00, 0x00, 0xf8, 0xff, 0x03, 0x00, 0x00, 0x00, 0x00, 0x00, 0x00, 
	0x00, 0x00, 0x00, 0x00, 0x00, 0x00, 0x00, 0xf0, 0xff, 0x00, 0x00, 0x00, 0x00, 0x00, 0x00, 0x00, 
	0x00, 0x00, 0x00, 0x00, 0x00, 0x00, 0x00, 0xe0, 0x7f, 0x00, 0x00, 0x00, 0x00, 0x00, 0x00, 0x00, 
	0x00, 0x00, 0x00, 0x00, 0x00, 0x00, 0x00, 0x80, 0x3f, 0x00, 0x00, 0x00, 0x00, 0x00, 0x00, 0x00, 
	0x00, 0x00, 0x00, 0x00, 0x00, 0x00, 0x00, 0x00, 0x1f, 0x00, 0x00, 0x00, 0x00, 0x00, 0x00, 0x00, 
	0x00, 0x00, 0x00, 0x00, 0x00, 0x00, 0x00, 0x00, 0x0e, 0x00, 0x00, 0x00, 0x00, 0x00, 0x00, 0x00, 
	0x00, 0x00, 0x00, 0x00, 0x00, 0x00, 0x00, 0x00, 0x04, 0x00, 0x00, 0x00, 0x00, 0x00, 0x00, 0x00, 
	0x00, 0x00, 0x00, 0x00, 0x00, 0x00, 0x00, 0x00, 0x00, 0x00, 0x00, 0x00, 0x00, 0x00, 0x00, 0x00
};

// 'arrowjump2', 128x64px
const unsigned char rarrowjump2 [] = {
	0x00, 0x00, 0x00, 0x00, 0x00, 0x00, 0x00, 0x00, 0x00, 0x00, 0x00, 0x00, 0x00, 0x00, 0x00, 0x00, 
	0x00, 0x00, 0x00, 0x00, 0x00, 0x00, 0x00, 0x00, 0x00, 0x00, 0x00, 0x00, 0x00, 0x00, 0x00, 0x00, 
	0x00, 0x00, 0x00, 0x00, 0x00, 0x00, 0x00, 0x00, 0x00, 0x00, 0x00, 0x00, 0x00, 0x00, 0x00, 0x00, 
	0x00, 0x00, 0x00, 0x00, 0x00, 0x00, 0x00, 0x00, 0x00, 0x00, 0x00, 0x00, 0x00, 0x00, 0x00, 0x00, 
	0x00, 0x00, 0x00, 0x00, 0x00, 0x00, 0x00, 0x00, 0x00, 0x00, 0x00, 0x00, 0x00, 0x00, 0x00, 0x00, 
	0x00, 0x00, 0x00, 0x00, 0x00, 0x00, 0x00, 0x00, 0x00, 0x00, 0x00, 0x00, 0x00, 0x00, 0x00, 0x00, 
	0x00, 0x00, 0x00, 0x00, 0x00, 0x00, 0x00, 0x00, 0x00, 0x00, 0x00, 0x00, 0x00, 0x00, 0x00, 0x00, 
	0x00, 0x00, 0x00, 0x00, 0x00, 0x00, 0x00, 0x00, 0x00, 0x00, 0x00, 0x00, 0x00, 0x00, 0x00, 0x00, 
	0x00, 0x00, 0x00, 0x00, 0x00, 0x00, 0x00, 0x00, 0x00, 0x00, 0x00, 0x00, 0x00, 0x00, 0x00, 0x00, 
	0x00, 0x00, 0x00, 0x00, 0x00, 0x00, 0x00, 0x00, 0x00, 0x00, 0x00, 0x00, 0x00, 0x00, 0x00, 0x00, 
	0x00, 0x00, 0x00, 0x00, 0x00, 0x00, 0x00, 0x00, 0x00, 0x00, 0x00, 0x00, 0x00, 0x00, 0x00, 0x00, 
	0x00, 0x00, 0x00, 0x00, 0x00, 0x00, 0x00, 0x00, 0x00, 0x00, 0x00, 0x00, 0x00, 0x00, 0x00, 0x00, 
	0x00, 0x00, 0x00, 0x00, 0x00, 0x00, 0x00, 0x00, 0x00, 0x00, 0x00, 0x00, 0x00, 0x00, 0x00, 0x00, 
	0x00, 0x00, 0x00, 0x00, 0x00, 0x00, 0x00, 0x00, 0x00, 0x00, 0x00, 0x00, 0x00, 0x00, 0x00, 0x00, 
	0x00, 0x00, 0x00, 0x00, 0x00, 0x00, 0x00, 0x00, 0x00, 0x00, 0x00, 0x00, 0x00, 0x00, 0x00, 0x00, 
	0x00, 0x00, 0x00, 0x00, 0x00, 0x00, 0x00, 0x00, 0x00, 0x00, 0x00, 0x00, 0x00, 0x00, 0x00, 0x00, 
	0x00, 0x00, 0x00, 0x00, 0x00, 0x00, 0x00, 0x00, 0x00, 0x00, 0x00, 0x00, 0x00, 0x00, 0x00, 0x00, 
	0x00, 0x00, 0x00, 0x00, 0x00, 0x00, 0x00, 0x00, 0x00, 0x00, 0x00, 0x00, 0x00, 0x00, 0x00, 0x00, 
	0x00, 0x00, 0x00, 0x00, 0x00, 0x00, 0x00, 0x00, 0x00, 0x00, 0x00, 0x00, 0x00, 0x00, 0x00, 0x00, 
	0x00, 0x00, 0x00, 0x00, 0x00, 0x00, 0x00, 0x00, 0x00, 0x00, 0x00, 0x00, 0x00, 0x00, 0x00, 0x00, 
	0x00, 0x00, 0x00, 0x00, 0x00, 0x00, 0x00, 0x00, 0x00, 0x00, 0x00, 0x00, 0x00, 0x00, 0x00, 0x00, 
	0x00, 0x00, 0x00, 0x00, 0x00, 0x00, 0x00, 0x00, 0x00, 0x00, 0x00, 0x00, 0x00, 0x00, 0x00, 0x00, 
	0x00, 0x00, 0x00, 0x00, 0x00, 0x00, 0x00, 0x00, 0x00, 0x00, 0x00, 0x00, 0x00, 0x00, 0x00, 0x00, 
	0x00, 0x00, 0x00, 0x00, 0x00, 0x00, 0x00, 0x00, 0x00, 0x00, 0x00, 0x00, 0x00, 0x00, 0x00, 0x00, 
	0x00, 0x00, 0x00, 0x00, 0x00, 0x00, 0x00, 0x00, 0x00, 0x00, 0x00, 0x00, 0x00, 0x00, 0x00, 0x00, 
	0x00, 0x00, 0x00, 0x00, 0x00, 0x00, 0x00, 0x00, 0x00, 0x00, 0x00, 0x00, 0x00, 0x00, 0x00, 0x00, 
	0x00, 0x00, 0x00, 0x00, 0x00, 0x00, 0x00, 0x00, 0x00, 0x00, 0x00, 0x00, 0x00, 0x00, 0x00, 0x00, 
	0x00, 0x00, 0x00, 0x00, 0x00, 0x00, 0x00, 0x00, 0x00, 0x00, 0x00, 0x00, 0x00, 0x00, 0x00, 0x00, 
	0x00, 0x00, 0x00, 0x00, 0x00, 0x00, 0x00, 0x00, 0x00, 0x00, 0x00, 0x00, 0x00, 0x00, 0x00, 0x00, 
	0x00, 0x00, 0x00, 0x00, 0x00, 0x00, 0x00, 0x00, 0x00, 0x00, 0x00, 0x00, 0x00, 0x00, 0x00, 0x00, 
	0x00, 0x00, 0x00, 0x00, 0x00, 0x00, 0x00, 0x00, 0x00, 0x00, 0x00, 0x00, 0x00, 0x00, 0x00, 0x00, 
	0x00, 0x00, 0x00, 0x00, 0x00, 0x00, 0x00, 0x00, 0x00, 0x00, 0x00, 0x00, 0x00, 0x00, 0x00, 0x00, 
	0x00, 0x00, 0x00, 0x00, 0x00, 0x00, 0x00, 0x00, 0x00, 0x00, 0x00, 0x00, 0x00, 0x00, 0x00, 0x00, 
	0x00, 0x00, 0x00, 0x00, 0x00, 0x00, 0x00, 0x00, 0x00, 0x00, 0x00, 0x00, 0x00, 0x00, 0x00, 0x00, 
	0x00, 0x00, 0x00, 0x00, 0x00, 0x00, 0x00, 0x00, 0x00, 0x00, 0x00, 0x00, 0x00, 0x00, 0x00, 0x00, 
	0x00, 0x00, 0x00, 0x00, 0x00, 0x00, 0x00, 0x00, 0x00, 0x00, 0x00, 0x00, 0x00, 0x00, 0x00, 0x00, 
	0x00, 0x00, 0x00, 0x00, 0x00, 0x00, 0x00, 0x00, 0x00, 0x00, 0x00, 0x00, 0x00, 0x00, 0x00, 0x00, 
	0x00, 0x00, 0x00, 0x00, 0x00, 0x00, 0x00, 0x00, 0x00, 0x00, 0x00, 0x00, 0x00, 0x00, 0x00, 0x00, 
	0x00, 0x00, 0x00, 0x00, 0x00, 0x00, 0x00, 0x00, 0x00, 0x00, 0x00, 0x00, 0x00, 0x00, 0x00, 0x00, 
	0x00, 0x00, 0x00, 0x00, 0x00, 0x00, 0x00, 0x00, 0x00, 0x00, 0x00, 0x00, 0x00, 0x00, 0x00, 0x00, 
	0x00, 0x00, 0x00, 0x00, 0x00, 0x00, 0x00, 0x00, 0xc0, 0x03, 0x00, 0x00, 0x00, 0x00, 0x00, 0x00, 
	0x00, 0x00, 0x00, 0x00, 0x00, 0x00, 0x00, 0x80, 0xff, 0x07, 0x00, 0x00, 0x00, 0x00, 0x00, 0x00, 
	0x00, 0x00, 0x00, 0x00, 0x00, 0x00, 0x00, 0xfc, 0xff, 0x07, 0x00, 0x00, 0x00, 0x00, 0x00, 0x00, 
	0x00, 0x00, 0x00, 0x00, 0x00, 0x00, 0xe0, 0xff, 0xff, 0x07, 0x00, 0x00, 0x00, 0x00, 0x00, 0x00, 
	0x00, 0x00, 0x00, 0x00, 0x00, 0x00, 0xf0, 0xff, 0xff, 0x07, 0x00, 0x00, 0x00, 0x00, 0x00, 0x00, 
	0x00, 0x00, 0x00, 0x00, 0x00, 0x00, 0xe0, 0xff, 0xff, 0x07, 0x00, 0x00, 0x00, 0x00, 0x00, 0x00, 
	0x00, 0x00, 0x00, 0x00, 0x00, 0x00, 0xc0, 0xff, 0xff, 0x07, 0x00, 0x00, 0x00, 0x00, 0x00, 0x00, 
	0x00, 0x00, 0x00, 0x00, 0x00, 0x00, 0x80, 0xff, 0xff, 0x07, 0x00, 0x00, 0x00, 0x00, 0x00, 0x00, 
	0x00, 0x00, 0x00, 0x00, 0x00, 0x00, 0x00, 0xff, 0xff, 0x03, 0x00, 0x00, 0x00, 0x00, 0x00, 0x00, 
	0x00, 0x00, 0x00, 0x00, 0x00, 0x00, 0x00, 0xfe, 0xff, 0x03, 0x00, 0x00, 0x00, 0x00, 0x00, 0x00, 
	0x00, 0x00, 0x00, 0x00, 0x00, 0x00, 0x00, 0xfc, 0xff, 0x03, 0x00, 0x00, 0x00, 0x00, 0x00, 0x00, 
	0x00, 0x00, 0x00, 0x00, 0x00, 0x00, 0x00, 0xf8, 0xff, 0x03, 0x00, 0x00, 0x00, 0x00, 0x00, 0x00, 
	0x00, 0x00, 0x00, 0x00, 0x00, 0x00, 0x00, 0xf0, 0xff, 0x03, 0x00, 0x00, 0x00, 0x00, 0x00, 0x00, 
	0x00, 0x00, 0x00, 0x00, 0x00, 0x00, 0x00, 0xe0, 0xff, 0x03, 0x00, 0x00, 0x00, 0x00, 0x00, 0x00, 
	0x00, 0x00, 0x00, 0x00, 0x00, 0x00, 0x00, 0xc0, 0xff, 0x03, 0x00, 0x00, 0x00, 0x00, 0x00, 0x00, 
	0x00, 0x00, 0x00, 0x00, 0x00, 0x00, 0x00, 0x80, 0xff, 0x03, 0x00, 0x00, 0x00, 0x00, 0x00, 0x00, 
	0x00, 0x00, 0x00, 0x00, 0x00, 0x00, 0x00, 0x00, 0xff, 0x03, 0x00, 0x00, 0x00, 0x00, 0x00, 0x00, 
	0x00, 0x00, 0x00, 0x00, 0x00, 0x00, 0x00, 0x00, 0xfe, 0x01, 0x00, 0x00, 0x00, 0x00, 0x00, 0x00, 
	0x00, 0x00, 0x00, 0x00, 0x00, 0x00, 0x00, 0x00, 0xfc, 0x01, 0x00, 0x00, 0x00, 0x00, 0x00, 0x00, 
	0x00, 0x00, 0x00, 0x00, 0x00, 0x00, 0x00, 0x00, 0xfc, 0x01, 0x00, 0x00, 0x00, 0x00, 0x00, 0x00, 
	0x00, 0x00, 0x00, 0x00, 0x00, 0x00, 0x00, 0x00, 0xf8, 0x01, 0x00, 0x00, 0x00, 0x00, 0x00, 0x00, 
	0x00, 0x00, 0x00, 0x00, 0x00, 0x00, 0x00, 0x00, 0xf0, 0x01, 0x00, 0x00, 0x00, 0x00, 0x00, 0x00, 
	0x00, 0x00, 0x00, 0x00, 0x00, 0x00, 0x00, 0x00, 0x00, 0x00, 0x00, 0x00, 0x00, 0x00, 0x00, 0x00, 
	0x00, 0x00, 0x00, 0x00, 0x00, 0x00, 0x00, 0x00, 0x00, 0x00, 0x00, 0x00, 0x00, 0x00, 0x00, 0x00
};
// 'arrowjump3', 128x64px
const unsigned char rarrowjump3 [] = {
	0x00, 0x00, 0x00, 0x00, 0x00, 0x00, 0x00, 0x00, 0x00, 0x00, 0x00, 0x00, 0x00, 0x00, 0x00, 0x00, 
	0x00, 0x00, 0x00, 0x00, 0x00, 0x00, 0x00, 0x00, 0x00, 0x00, 0x00, 0x00, 0x00, 0x00, 0x00, 0x00, 
	0x00, 0x00, 0x00, 0x00, 0x00, 0x00, 0x00, 0x00, 0x00, 0x00, 0x00, 0x00, 0x00, 0x00, 0x00, 0x00, 
	0x00, 0x00, 0x00, 0x00, 0x00, 0x00, 0x00, 0x00, 0x00, 0x00, 0x00, 0x00, 0x00, 0x00, 0x00, 0x00, 
	0x00, 0x00, 0x00, 0x00, 0x00, 0x00, 0x00, 0x00, 0x00, 0x00, 0x00, 0x00, 0x00, 0x00, 0x00, 0x00, 
	0x00, 0x00, 0x00, 0x00, 0x00, 0x00, 0x00, 0x00, 0x00, 0x00, 0x00, 0x00, 0x00, 0x00, 0x00, 0x00, 
	0x00, 0x00, 0x00, 0x00, 0x00, 0x00, 0x00, 0x00, 0x00, 0x00, 0x00, 0x00, 0x00, 0x00, 0x00, 0x00, 
	0x00, 0x00, 0x00, 0x00, 0x00, 0x00, 0x00, 0x00, 0x00, 0x00, 0x00, 0x00, 0x00, 0x00, 0x00, 0x00, 
	0x00, 0x00, 0x00, 0x00, 0x00, 0x00, 0x00, 0x00, 0x00, 0x00, 0x00, 0x00, 0x00, 0x00, 0x00, 0x00, 
	0x00, 0x00, 0x00, 0x00, 0x00, 0x00, 0x00, 0x00, 0x00, 0x00, 0x00, 0x00, 0x00, 0x00, 0x00, 0x00, 
	0x00, 0x00, 0x00, 0x00, 0x00, 0x00, 0x00, 0x00, 0x00, 0x00, 0x00, 0x00, 0x00, 0x00, 0x00, 0x00, 
	0x00, 0x00, 0x00, 0x00, 0x00, 0x00, 0x00, 0x00, 0x00, 0x00, 0x00, 0x00, 0x00, 0x00, 0x00, 0x00, 
	0x00, 0x00, 0x00, 0x00, 0x00, 0x00, 0x00, 0x00, 0x00, 0x00, 0x00, 0x00, 0x00, 0x00, 0x00, 0x00, 
	0x00, 0x00, 0x00, 0x00, 0x00, 0x00, 0x00, 0x00, 0x00, 0x00, 0x00, 0x00, 0x00, 0x00, 0x00, 0x00, 
	0x00, 0x00, 0x00, 0x00, 0x00, 0x00, 0x00, 0x00, 0x00, 0x00, 0x00, 0x00, 0x00, 0x00, 0x00, 0x00, 
	0x00, 0x00, 0x00, 0x00, 0x00, 0x00, 0x00, 0x00, 0x00, 0x00, 0x00, 0x00, 0x00, 0x00, 0x00, 0x00, 
	0x00, 0x00, 0x00, 0x00, 0x00, 0x00, 0x00, 0x00, 0x00, 0x00, 0x00, 0x00, 0x00, 0x00, 0x00, 0x00, 
	0x00, 0x00, 0x00, 0x00, 0x00, 0x00, 0x00, 0x00, 0x00, 0x00, 0x00, 0x00, 0x00, 0x00, 0x00, 0x00, 
	0x00, 0x00, 0x00, 0x00, 0x00, 0x00, 0x00, 0x00, 0x00, 0x00, 0x00, 0x00, 0x00, 0x00, 0x00, 0x00, 
	0x00, 0x00, 0x00, 0x00, 0x00, 0x00, 0x00, 0x00, 0x00, 0x00, 0x00, 0x00, 0x00, 0x00, 0x00, 0x00, 
	0x00, 0x00, 0x00, 0x00, 0x00, 0x00, 0x00, 0x00, 0x00, 0x00, 0x00, 0x00, 0x00, 0x00, 0x00, 0x00, 
	0x00, 0x00, 0x00, 0x00, 0x00, 0x00, 0x00, 0x00, 0x00, 0x00, 0x00, 0x00, 0x00, 0x00, 0x00, 0x00, 
	0x00, 0x00, 0x00, 0x00, 0x00, 0x00, 0x00, 0x00, 0x00, 0x00, 0x00, 0x00, 0x00, 0x00, 0x00, 0x00, 
	0x00, 0x00, 0x00, 0x00, 0x00, 0x00, 0x00, 0x00, 0x00, 0x00, 0x00, 0x00, 0x00, 0x00, 0x00, 0x00, 
	0x00, 0x00, 0x00, 0x00, 0x00, 0x00, 0x00, 0x00, 0x00, 0x00, 0x00, 0x00, 0x00, 0x00, 0x00, 0x00, 
	0x00, 0x00, 0x00, 0x00, 0x00, 0x00, 0x00, 0x00, 0x00, 0x00, 0x00, 0x00, 0x00, 0x00, 0x00, 0x00, 
	0x00, 0x00, 0x00, 0x00, 0x00, 0x00, 0x00, 0x00, 0x00, 0x00, 0x00, 0x00, 0x00, 0x00, 0x00, 0x00, 
	0x00, 0x00, 0x00, 0x00, 0x00, 0x00, 0x00, 0x00, 0x00, 0x00, 0x00, 0x00, 0x00, 0x00, 0x00, 0x00, 
	0x00, 0x00, 0x00, 0x00, 0x00, 0x00, 0x00, 0x00, 0x00, 0x00, 0x00, 0x00, 0x00, 0x00, 0x00, 0x00, 
	0x00, 0x00, 0x00, 0x00, 0x00, 0x00, 0x00, 0x00, 0x00, 0x00, 0x00, 0x00, 0x00, 0x00, 0x00, 0x00, 
	0x00, 0x00, 0x00, 0x00, 0x00, 0x00, 0x00, 0x00, 0x00, 0x00, 0x00, 0x00, 0x00, 0x00, 0x00, 0x00, 
	0x00, 0x00, 0x00, 0x00, 0x00, 0x00, 0x00, 0x00, 0x00, 0x00, 0x00, 0x00, 0x00, 0x00, 0x00, 0x00, 
	0x00, 0x00, 0x00, 0x00, 0x00, 0x00, 0x00, 0x00, 0x00, 0x00, 0x00, 0x00, 0x00, 0x00, 0x00, 0x00, 
	0x00, 0x00, 0x00, 0x00, 0x00, 0x00, 0x00, 0x00, 0x00, 0x00, 0x00, 0x00, 0x00, 0x00, 0x00, 0x00, 
	0x00, 0x00, 0x00, 0x00, 0x00, 0x00, 0x00, 0x00, 0x00, 0x00, 0x00, 0x00, 0x00, 0x00, 0x00, 0x00, 
	0x00, 0x00, 0x00, 0x00, 0x00, 0x00, 0x00, 0x00, 0xfe, 0xff, 0x0f, 0x00, 0x00, 0x00, 0x00, 0x00, 
	0x00, 0x00, 0x00, 0x00, 0x00, 0x00, 0x00, 0xc0, 0xff, 0xff, 0x0f, 0x00, 0x00, 0x00, 0x00, 0x00, 
	0x00, 0x00, 0x00, 0x00, 0x00, 0x00, 0x00, 0xe0, 0xff, 0xff, 0x0f, 0x00, 0x00, 0x00, 0x00, 0x00, 
	0x00, 0x00, 0x00, 0x00, 0x00, 0x00, 0x00, 0xc0, 0xff, 0xff, 0x0f, 0x00, 0x00, 0x00, 0x00, 0x00, 
	0x00, 0x00, 0x00, 0x00, 0x00, 0x00, 0x00, 0x80, 0xff, 0xff, 0x0f, 0x00, 0x00, 0x00, 0x00, 0x00, 
	0x00, 0x00, 0x00, 0x00, 0x00, 0x00, 0x00, 0x80, 0xff, 0xff, 0x0f, 0x00, 0x00, 0x00, 0x00, 0x00, 
	0x00, 0x00, 0x00, 0x00, 0x00, 0x00, 0x00, 0x00, 0xff, 0xff, 0x07, 0x00, 0x00, 0x00, 0x00, 0x00, 
	0x00, 0x00, 0x00, 0x00, 0x00, 0x00, 0x00, 0x00, 0xff, 0xff, 0x07, 0x00, 0x00, 0x00, 0x00, 0x00, 
	0x00, 0x00, 0x00, 0x00, 0x00, 0x00, 0x00, 0x80, 0xff, 0xff, 0x07, 0x00, 0x00, 0x00, 0x00, 0x00, 
	0x00, 0x00, 0x00, 0x00, 0x00, 0x00, 0x00, 0xc0, 0xff, 0xff, 0x07, 0x00, 0x00, 0x00, 0x00, 0x00, 
	0x00, 0x00, 0x00, 0x00, 0x00, 0x00, 0x00, 0xe0, 0xff, 0xff, 0x03, 0x00, 0x00, 0x00, 0x00, 0x00, 
	0x00, 0x00, 0x00, 0x00, 0x00, 0x00, 0x00, 0xf0, 0xff, 0xff, 0x03, 0x00, 0x00, 0x00, 0x00, 0x00, 
	0x00, 0x00, 0x00, 0x00, 0x00, 0x00, 0x00, 0xf8, 0xff, 0xff, 0x03, 0x00, 0x00, 0x00, 0x00, 0x00, 
	0x00, 0x00, 0x00, 0x00, 0x00, 0x00, 0x00, 0xfc, 0xff, 0xff, 0x03, 0x00, 0x00, 0x00, 0x00, 0x00, 
	0x00, 0x00, 0x00, 0x00, 0x00, 0x00, 0x00, 0xfe, 0xff, 0xff, 0x01, 0x00, 0x00, 0x00, 0x00, 0x00, 
	0x00, 0x00, 0x00, 0x00, 0x00, 0x00, 0x80, 0xff, 0xff, 0xff, 0x01, 0x00, 0x00, 0x00, 0x00, 0x00, 
	0x00, 0x00, 0x00, 0x00, 0x00, 0x00, 0xc0, 0xff, 0xff, 0xff, 0x01, 0x00, 0x00, 0x00, 0x00, 0x00, 
	0x00, 0x00, 0x00, 0x00, 0x00, 0x00, 0xe0, 0xff, 0xff, 0xff, 0x01, 0x00, 0x00, 0x00, 0x00, 0x00, 
	0x00, 0x00, 0x00, 0x00, 0x00, 0x00, 0xc0, 0xff, 0xff, 0xfb, 0x01, 0x00, 0x00, 0x00, 0x00, 0x00, 
	0x00, 0x00, 0x00, 0x00, 0x00, 0x00, 0x80, 0xff, 0xff, 0xf0, 0x01, 0x00, 0x00, 0x00, 0x00, 0x00, 
	0x00, 0x00, 0x00, 0x00, 0x00, 0x00, 0x00, 0xff, 0x7f, 0xe0, 0x01, 0x00, 0x00, 0x00, 0x00, 0x00, 
	0x00, 0x00, 0x00, 0x00, 0x00, 0x00, 0x00, 0xfe, 0x3f, 0xc0, 0x00, 0x00, 0x00, 0x00, 0x00, 0x00, 
	0x00, 0x00, 0x00, 0x00, 0x00, 0x00, 0x00, 0xfc, 0x0f, 0x80, 0x00, 0x00, 0x00, 0x00, 0x00, 0x00, 
	0x00, 0x00, 0x00, 0x00, 0x00, 0x00, 0x00, 0xf8, 0x07, 0x00, 0x00, 0x00, 0x00, 0x00, 0x00, 0x00, 
	0x00, 0x00, 0x00, 0x00, 0x00, 0x00, 0x00, 0xf0, 0x03, 0x00, 0x00, 0x00, 0x00, 0x00, 0x00, 0x00, 
	0x00, 0x00, 0x00, 0x00, 0x00, 0x00, 0x00, 0xe0, 0x01, 0x00, 0x00, 0x00, 0x00, 0x00, 0x00, 0x00, 
	0x00, 0x00, 0x00, 0x00, 0x00, 0x00, 0x00, 0xc0, 0x00, 0x00, 0x00, 0x00, 0x00, 0x00, 0x00, 0x00, 
	0x00, 0x00, 0x00, 0x00, 0x00, 0x00, 0x00, 0x00, 0x00, 0x00, 0x00, 0x00, 0x00, 0x00, 0x00, 0x00, 
	0x00, 0x00, 0x00, 0x00, 0x00, 0x00, 0x00, 0x00, 0x00, 0x00, 0x00, 0x00, 0x00, 0x00, 0x00, 0x00
};
// 'arrowjump4', 128x64px
const unsigned char rarrowjump4 [] = {
	0x00, 0x00, 0x00, 0x00, 0x00, 0x00, 0x00, 0x00, 0x00, 0x00, 0x00, 0x00, 0x00, 0x00, 0x00, 0x00, 
	0x00, 0x00, 0x00, 0x00, 0x00, 0x00, 0x00, 0x00, 0x00, 0x00, 0x00, 0x00, 0x00, 0x00, 0x00, 0x00, 
	0x00, 0x00, 0x00, 0x00, 0x00, 0x00, 0x00, 0x00, 0x00, 0x00, 0x00, 0x00, 0x00, 0x00, 0x00, 0x00, 
	0x00, 0x00, 0x00, 0x00, 0x00, 0x00, 0x00, 0x00, 0x00, 0x00, 0x00, 0x00, 0x00, 0x00, 0x00, 0x00, 
	0x00, 0x00, 0x00, 0x00, 0x00, 0x00, 0x00, 0x00, 0x00, 0x00, 0x00, 0x00, 0x00, 0x00, 0x00, 0x00, 
	0x00, 0x00, 0x00, 0x00, 0x00, 0x00, 0x00, 0x00, 0x00, 0x00, 0x00, 0x00, 0x00, 0x00, 0x00, 0x00, 
	0x00, 0x00, 0x00, 0x00, 0x00, 0x00, 0x00, 0x00, 0x00, 0x00, 0x00, 0x00, 0x00, 0x00, 0x00, 0x00, 
	0x00, 0x00, 0x00, 0x00, 0x00, 0x00, 0x00, 0x00, 0x00, 0x00, 0x00, 0x00, 0x00, 0x00, 0x00, 0x00, 
	0x00, 0x00, 0x00, 0x00, 0x00, 0x00, 0x00, 0x00, 0x00, 0x00, 0x00, 0x00, 0x00, 0x00, 0x00, 0x00, 
	0x00, 0x00, 0x00, 0x00, 0x00, 0x00, 0x00, 0x00, 0x00, 0x00, 0x00, 0x00, 0x00, 0x00, 0x00, 0x00, 
	0x00, 0x00, 0x00, 0x00, 0x00, 0x00, 0x00, 0x00, 0x00, 0x00, 0x00, 0x00, 0x00, 0x00, 0x00, 0x00, 
	0x00, 0x00, 0x00, 0x00, 0x00, 0x00, 0x00, 0x00, 0x00, 0x00, 0x00, 0x00, 0x00, 0x00, 0x00, 0x00, 
	0x00, 0x00, 0x00, 0x00, 0x00, 0x00, 0x00, 0x00, 0x00, 0x00, 0x00, 0x00, 0x00, 0x00, 0x00, 0x00, 
	0x00, 0x00, 0x00, 0x00, 0x00, 0x00, 0x00, 0x00, 0x00, 0x00, 0x00, 0x00, 0x00, 0x00, 0x00, 0x00, 
	0x00, 0x00, 0x00, 0x00, 0x00, 0x00, 0x00, 0x00, 0x00, 0x00, 0x00, 0x00, 0x00, 0x00, 0x00, 0x00, 
	0x00, 0x00, 0x00, 0x00, 0x00, 0x00, 0x00, 0x00, 0x00, 0x00, 0x00, 0x00, 0x00, 0x00, 0x00, 0x00, 
	0x00, 0x00, 0x00, 0x00, 0x00, 0x00, 0x00, 0x00, 0x00, 0x00, 0x00, 0x00, 0x00, 0x00, 0x00, 0x00, 
	0x00, 0x00, 0x00, 0x00, 0x00, 0x00, 0x00, 0x00, 0x00, 0x00, 0x00, 0x00, 0x00, 0x00, 0x00, 0x00, 
	0x00, 0x00, 0x00, 0x00, 0x00, 0x00, 0x00, 0x00, 0x00, 0x00, 0x00, 0x00, 0x00, 0x00, 0x00, 0x00, 
	0x00, 0x00, 0x00, 0x00, 0x00, 0x00, 0x00, 0x00, 0x00, 0x00, 0x00, 0x00, 0x0c, 0x00, 0x00, 0x00, 
	0x00, 0x00, 0x00, 0x00, 0x00, 0x00, 0x00, 0x00, 0x00, 0x00, 0x00, 0xe0, 0x1f, 0x00, 0x00, 0x00, 
	0x00, 0x00, 0x00, 0x00, 0x00, 0x00, 0x00, 0x00, 0x00, 0x00, 0x00, 0xff, 0x1f, 0x00, 0x00, 0x00, 
	0x00, 0x00, 0x00, 0x00, 0x00, 0x00, 0x00, 0x00, 0x00, 0x00, 0xf0, 0xff, 0x0f, 0x00, 0x00, 0x00, 
	0x00, 0x00, 0x00, 0x00, 0x00, 0x00, 0x00, 0x00, 0x00, 0xf0, 0xff, 0xff, 0x0f, 0x00, 0x00, 0x00, 
	0x00, 0x00, 0x00, 0x00, 0x00, 0x00, 0x00, 0x00, 0x80, 0xff, 0xff, 0xff, 0x0f, 0x00, 0x00, 0x00, 
	0x00, 0x00, 0x00, 0x00, 0x00, 0x00, 0x00, 0x00, 0x00, 0xff, 0xff, 0xff, 0x0f, 0x00, 0x00, 0x00, 
	0x00, 0x00, 0x00, 0x00, 0x00, 0x00, 0x00, 0x00, 0x00, 0xfc, 0xff, 0xff, 0x0f, 0x00, 0x00, 0x00, 
	0x00, 0x00, 0x00, 0x00, 0x00, 0x00, 0x00, 0x00, 0x00, 0xf8, 0xff, 0xff, 0x0f, 0x00, 0x00, 0x00, 
	0x00, 0x00, 0x00, 0x00, 0x00, 0x00, 0x00, 0x00, 0x00, 0xf0, 0xff, 0xff, 0x0f, 0x00, 0x00, 0x00, 
	0x00, 0x00, 0x00, 0x00, 0x00, 0x00, 0x00, 0x00, 0x00, 0xe0, 0xff, 0xff, 0x07, 0x00, 0x00, 0x00, 
	0x00, 0x00, 0x00, 0x00, 0x00, 0x00, 0x00, 0x00, 0x00, 0xe0, 0xff, 0xff, 0x07, 0x00, 0x00, 0x00, 
	0x00, 0x00, 0x00, 0x00, 0x00, 0x00, 0x00, 0x00, 0x00, 0xf0, 0xff, 0xff, 0x07, 0x00, 0x00, 0x00, 
	0x00, 0x00, 0x00, 0x00, 0x00, 0x00, 0x00, 0x00, 0x00, 0xf8, 0xff, 0xff, 0x07, 0x00, 0x00, 0x00, 
	0x00, 0x00, 0x00, 0x00, 0x00, 0x00, 0x00, 0x00, 0x00, 0xfc, 0xff, 0xff, 0x07, 0x00, 0x00, 0x00, 
	0x00, 0x00, 0x00, 0x00, 0x00, 0x00, 0x00, 0x00, 0x00, 0xfe, 0xff, 0xff, 0x07, 0x00, 0x00, 0x00, 
	0x00, 0x00, 0x00, 0x00, 0x00, 0x00, 0x00, 0x00, 0x00, 0xff, 0xff, 0xff, 0x07, 0x00, 0x00, 0x00, 
	0x00, 0x00, 0x00, 0x00, 0x00, 0x00, 0x00, 0x00, 0x80, 0xff, 0xff, 0xff, 0x07, 0x00, 0x00, 0x00, 
	0x00, 0x00, 0x00, 0x00, 0x00, 0x00, 0x00, 0x00, 0xc0, 0xff, 0xff, 0xff, 0x03, 0x00, 0x00, 0x00, 
	0x00, 0x00, 0x00, 0x00, 0x00, 0x00, 0x00, 0x00, 0xe0, 0xff, 0xff, 0xff, 0x03, 0x00, 0x00, 0x00, 
	0x00, 0x00, 0x00, 0x00, 0x00, 0x00, 0x00, 0x00, 0xf0, 0xff, 0xff, 0xff, 0x03, 0x00, 0x00, 0x00, 
	0x00, 0x00, 0x00, 0x00, 0x00, 0x00, 0x00, 0x00, 0xf8, 0xff, 0x7f, 0xfe, 0x03, 0x00, 0x00, 0x00, 
	0x00, 0x00, 0x00, 0x00, 0x00, 0x00, 0x00, 0x00, 0xfc, 0xff, 0x3f, 0xfc, 0x03, 0x00, 0x00, 0x00, 
	0x00, 0x00, 0x00, 0x00, 0x00, 0x00, 0x00, 0x00, 0xfe, 0xff, 0x1f, 0xf8, 0x03, 0x00, 0x00, 0x00, 
	0x00, 0x00, 0x00, 0x00, 0x00, 0x00, 0x00, 0x00, 0xff, 0xff, 0x0f, 0xf0, 0x03, 0x00, 0x00, 0x00, 
	0x00, 0x00, 0x00, 0x00, 0x00, 0x00, 0x00, 0x80, 0xff, 0xff, 0x07, 0xe0, 0x01, 0x00, 0x00, 0x00, 
	0x00, 0x00, 0x00, 0x00, 0x00, 0x00, 0x00, 0xc0, 0xff, 0xff, 0x03, 0xc0, 0x01, 0x00, 0x00, 0x00, 
	0x00, 0x00, 0x00, 0x00, 0x00, 0x00, 0x00, 0xe0, 0xff, 0xff, 0x01, 0xc0, 0x01, 0x00, 0x00, 0x00, 
	0x00, 0x00, 0x00, 0x00, 0x00, 0x00, 0x00, 0xf0, 0xff, 0xff, 0x00, 0x80, 0x00, 0x00, 0x00, 0x00, 
	0x00, 0x00, 0x00, 0x00, 0x00, 0x00, 0x00, 0xf8, 0xff, 0x7f, 0x00, 0x00, 0x00, 0x00, 0x00, 0x00, 
	0x00, 0x00, 0x00, 0x00, 0x00, 0x00, 0x00, 0xfc, 0xff, 0x3f, 0x00, 0x00, 0x00, 0x00, 0x00, 0x00, 
	0x00, 0x00, 0x00, 0x00, 0x00, 0x00, 0x00, 0xff, 0xff, 0x1f, 0x00, 0x00, 0x00, 0x00, 0x00, 0x00, 
	0x00, 0x00, 0x00, 0x00, 0x00, 0x00, 0x80, 0xff, 0xff, 0x07, 0x00, 0x00, 0x00, 0x00, 0x00, 0x00, 
	0x00, 0x00, 0x00, 0x00, 0x00, 0x00, 0xc0, 0xff, 0xff, 0x03, 0x00, 0x00, 0x00, 0x00, 0x00, 0x00, 
	0x00, 0x00, 0x00, 0x00, 0x00, 0x00, 0xc0, 0xff, 0xff, 0x01, 0x00, 0x00, 0x00, 0x00, 0x00, 0x00, 
	0x00, 0x00, 0x00, 0x00, 0x00, 0x00, 0x80, 0xff, 0xff, 0x00, 0x00, 0x00, 0x00, 0x00, 0x00, 0x00, 
	0x00, 0x00, 0x00, 0x00, 0x00, 0x00, 0x00, 0xff, 0x7f, 0x00, 0x00, 0x00, 0x00, 0x00, 0x00, 0x00, 
	0x00, 0x00, 0x00, 0x00, 0x00, 0x00, 0x00, 0xfe, 0x1f, 0x00, 0x00, 0x00, 0x00, 0x00, 0x00, 0x00, 
	0x00, 0x00, 0x00, 0x00, 0x00, 0x00, 0x00, 0xfc, 0x0f, 0x00, 0x00, 0x00, 0x00, 0x00, 0x00, 0x00, 
	0x00, 0x00, 0x00, 0x00, 0x00, 0x00, 0x00, 0xf8, 0x07, 0x00, 0x00, 0x00, 0x00, 0x00, 0x00, 0x00, 
	0x00, 0x00, 0x00, 0x00, 0x00, 0x00, 0x00, 0xf0, 0x03, 0x00, 0x00, 0x00, 0x00, 0x00, 0x00, 0x00, 
	0x00, 0x00, 0x00, 0x00, 0x00, 0x00, 0x00, 0xe0, 0x01, 0x00, 0x00, 0x00, 0x00, 0x00, 0x00, 0x00, 
	0x00, 0x00, 0x00, 0x00, 0x00, 0x00, 0x00, 0xc0, 0x00, 0x00, 0x00, 0x00, 0x00, 0x00, 0x00, 0x00, 
	0x00, 0x00, 0x00, 0x00, 0x00, 0x00, 0x00, 0x00, 0x00, 0x00, 0x00, 0x00, 0x00, 0x00, 0x00, 0x00, 
	0x00, 0x00, 0x00, 0x00, 0x00, 0x00, 0x00, 0x00, 0x00, 0x00, 0x00, 0x00, 0x00, 0x00, 0x00, 0x00
};
// 'arrowjump5', 128x64px
const unsigned char rarrowjump5 [] = {
	0x00, 0x00, 0x00, 0x00, 0x00, 0x00, 0x00, 0x00, 0x00, 0x00, 0x00, 0x00, 0x00, 0x00, 0x00, 0x00, 
	0x00, 0x00, 0x00, 0x00, 0x00, 0x00, 0x00, 0x00, 0x00, 0x00, 0x00, 0x00, 0x00, 0x00, 0x00, 0x00, 
	0x00, 0x00, 0x00, 0x00, 0x00, 0x00, 0x00, 0x00, 0x00, 0x00, 0x00, 0x00, 0x00, 0x00, 0x00, 0x00, 
	0x00, 0x00, 0x00, 0x00, 0x00, 0x00, 0x00, 0x00, 0x00, 0x00, 0x00, 0x00, 0x00, 0x00, 0x00, 0x00, 
	0x00, 0x00, 0x00, 0x00, 0x00, 0x00, 0x00, 0x00, 0x00, 0x00, 0x00, 0x00, 0x00, 0x00, 0x00, 0x00, 
	0x00, 0x00, 0x00, 0x00, 0x00, 0x00, 0x00, 0x00, 0x00, 0x00, 0x00, 0x00, 0x00, 0x00, 0x00, 0x00, 
	0x00, 0x00, 0x00, 0x00, 0x00, 0x00, 0x00, 0x00, 0x00, 0x00, 0x00, 0x00, 0x00, 0x00, 0x00, 0x00, 
	0x00, 0x00, 0x00, 0x00, 0x00, 0x00, 0x00, 0x00, 0x00, 0x00, 0x00, 0x00, 0x00, 0x00, 0x00, 0x00, 
	0x00, 0x00, 0x00, 0x00, 0x00, 0x00, 0x00, 0x00, 0x00, 0x00, 0x00, 0x00, 0x00, 0x00, 0x00, 0x00, 
	0x00, 0x00, 0x00, 0x00, 0x00, 0x00, 0x00, 0x00, 0x00, 0x00, 0x00, 0x00, 0x00, 0x00, 0x00, 0x00, 
	0x00, 0x00, 0x00, 0x00, 0x00, 0x00, 0x00, 0x00, 0x00, 0x00, 0x00, 0x00, 0x00, 0x00, 0x00, 0x00, 
	0x00, 0x00, 0x00, 0x00, 0x00, 0x00, 0x00, 0x00, 0x00, 0x00, 0x00, 0x00, 0x00, 0x00, 0x00, 0x00, 
	0x00, 0x00, 0x00, 0x00, 0x00, 0x00, 0x00, 0x00, 0x00, 0x00, 0x00, 0x00, 0xc0, 0x0f, 0x00, 0x00, 
	0x00, 0x00, 0x00, 0x00, 0x00, 0x00, 0x00, 0x00, 0x00, 0x00, 0x00, 0xc0, 0xff, 0x0f, 0x00, 0x00, 
	0x00, 0x00, 0x00, 0x00, 0x00, 0x00, 0x00, 0x00, 0x00, 0x00, 0x00, 0xf8, 0xff, 0x0f, 0x00, 0x00, 
	0x00, 0x00, 0x00, 0x00, 0x00, 0x00, 0x00, 0x00, 0x00, 0x00, 0xff, 0xff, 0xff, 0x0f, 0x00, 0x00, 
	0x00, 0x00, 0x00, 0x00, 0x00, 0x00, 0x00, 0x00, 0x00, 0xc0, 0xff, 0xff, 0xff, 0x0f, 0x00, 0x00, 
	0x00, 0x00, 0x00, 0x00, 0x00, 0x00, 0x00, 0x00, 0x00, 0xc0, 0xff, 0xff, 0xff, 0x0f, 0x00, 0x00, 
	0x00, 0x00, 0x00, 0x00, 0x00, 0x00, 0x00, 0x00, 0x00, 0x80, 0xff, 0xff, 0xff, 0x0f, 0x00, 0x00, 
	0x00, 0x00, 0x00, 0x00, 0x00, 0x00, 0x00, 0x00, 0x00, 0x00, 0xff, 0xff, 0xff, 0x0f, 0x00, 0x00, 
	0x00, 0x00, 0x00, 0x00, 0x00, 0x00, 0x00, 0x00, 0x00, 0x00, 0xfe, 0xff, 0xff, 0x0f, 0x00, 0x00, 
	0x00, 0x00, 0x00, 0x00, 0x00, 0x00, 0x00, 0x00, 0x00, 0x00, 0xfe, 0xff, 0xff, 0x0f, 0x00, 0x00, 
	0x00, 0x00, 0x00, 0x00, 0x00, 0x00, 0x00, 0x00, 0x00, 0x00, 0xf8, 0xff, 0xff, 0x07, 0x00, 0x00, 
	0x00, 0x00, 0x00, 0x00, 0x00, 0x00, 0x00, 0x00, 0x00, 0x00, 0xf0, 0xff, 0xff, 0x07, 0x00, 0x00, 
	0x00, 0x00, 0x00, 0x00, 0x00, 0x00, 0x00, 0x00, 0x00, 0x00, 0xe0, 0xff, 0xff, 0x07, 0x00, 0x00, 
	0x00, 0x00, 0x00, 0x00, 0x00, 0x00, 0x00, 0x00, 0x00, 0x00, 0xf0, 0xff, 0xff, 0x07, 0x00, 0x00, 
	0x00, 0x00, 0x00, 0x00, 0x00, 0x00, 0x00, 0x00, 0x00, 0x00, 0xf8, 0xff, 0xff, 0x07, 0x00, 0x00, 
	0x00, 0x00, 0x00, 0x00, 0x00, 0x00, 0x00, 0x00, 0x00, 0x00, 0xfc, 0xff, 0xff, 0x07, 0x00, 0x00, 
	0x00, 0x00, 0x00, 0x00, 0x00, 0x00, 0x00, 0x00, 0x00, 0x00, 0xfe, 0xff, 0xff, 0x07, 0x00, 0x00, 
	0x00, 0x00, 0x00, 0x00, 0x00, 0x00, 0x00, 0x00, 0x00, 0x00, 0xff, 0xff, 0xff, 0x07, 0x00, 0x00, 
	0x00, 0x00, 0x00, 0x00, 0x00, 0x00, 0x00, 0x00, 0x00, 0xc0, 0xff, 0xff, 0xff, 0x03, 0x00, 0x00, 
	0x00, 0x00, 0x00, 0x00, 0x00, 0x00, 0x00, 0x00, 0x00, 0xe0, 0xff, 0xff, 0xff, 0x03, 0x00, 0x00, 
	0x00, 0x00, 0x00, 0x00, 0x00, 0x00, 0x00, 0x00, 0x00, 0xf0, 0xff, 0xff, 0xff, 0x03, 0x00, 0x00, 
	0x00, 0x00, 0x00, 0x00, 0x00, 0x00, 0x00, 0x00, 0x00, 0xfc, 0xff, 0x7f, 0xff, 0x03, 0x00, 0x00, 
	0x00, 0x00, 0x00, 0x00, 0x00, 0x00, 0x00, 0x00, 0x00, 0xfe, 0xff, 0x7f, 0xfe, 0x03, 0x00, 0x00, 
	0x00, 0x00, 0x00, 0x00, 0x00, 0x00, 0x00, 0x00, 0x00, 0xff, 0xff, 0x1f, 0xfc, 0x03, 0x00, 0x00, 
	0x00, 0x00, 0x00, 0x00, 0x00, 0x00, 0x00, 0x00, 0x80, 0xff, 0xff, 0x0f, 0xf8, 0x03, 0x00, 0x00, 
	0x00, 0x00, 0x00, 0x00, 0x00, 0x00, 0x00, 0x00, 0xc0, 0xff, 0xff, 0x07, 0xf0, 0x03, 0x00, 0x00, 
	0x00, 0x00, 0x00, 0x00, 0x00, 0x00, 0x00, 0x00, 0xe0, 0xff, 0xff, 0x03, 0x60, 0x01, 0x00, 0x00, 
	0x00, 0x00, 0x00, 0x00, 0x00, 0x00, 0x00, 0x00, 0xf0, 0xff, 0xff, 0x00, 0x80, 0x03, 0x00, 0x00, 
	0x00, 0x00, 0x00, 0x00, 0x00, 0x00, 0x00, 0x00, 0xf8, 0xff, 0x7f, 0x00, 0x00, 0x01, 0x00, 0x00, 
	0x00, 0x00, 0x00, 0x00, 0x00, 0x00, 0x00, 0x00, 0xfc, 0xff, 0x3f, 0x00, 0x00, 0x00, 0x00, 0x00, 
	0x00, 0x00, 0x00, 0x00, 0x00, 0x00, 0x00, 0x00, 0xfe, 0xff, 0x1f, 0x00, 0x00, 0x00, 0x00, 0x00, 
	0x00, 0x00, 0x00, 0x00, 0x00, 0x00, 0x00, 0x00, 0xff, 0xff, 0x0f, 0x00, 0x00, 0x00, 0x00, 0x00, 
	0x00, 0x00, 0x00, 0x00, 0x00, 0x00, 0x00, 0x80, 0xff, 0xff, 0x07, 0x00, 0x00, 0x00, 0x00, 0x00, 
	0x00, 0x00, 0x00, 0x00, 0x00, 0x00, 0x00, 0xc0, 0xff, 0xff, 0x01, 0x00, 0x00, 0x00, 0x00, 0x00, 
	0x00, 0x00, 0x00, 0x00, 0x00, 0x00, 0x00, 0xe0, 0xff, 0xff, 0x00, 0x00, 0x00, 0x00, 0x00, 0x00, 
	0x00, 0x00, 0x00, 0x00, 0x00, 0x00, 0x00, 0xf0, 0xff, 0x7f, 0x00, 0x00, 0x00, 0x00, 0x00, 0x00, 
	0x00, 0x00, 0x00, 0x00, 0x00, 0x00, 0x00, 0xf8, 0xff, 0x3f, 0x00, 0x00, 0x00, 0x00, 0x00, 0x00, 
	0x00, 0x00, 0x00, 0x00, 0x00, 0x00, 0x00, 0xfc, 0xff, 0x1f, 0x00, 0x00, 0x00, 0x00, 0x00, 0x00, 
	0x00, 0x00, 0x00, 0x00, 0x00, 0x00, 0x00, 0xfe, 0xff, 0x0f, 0x00, 0x00, 0x00, 0x00, 0x00, 0x00, 
	0x00, 0x00, 0x00, 0x00, 0x00, 0x00, 0x00, 0xff, 0xff, 0x07, 0x00, 0x00, 0x00, 0x00, 0x00, 0x00, 
	0x00, 0x00, 0x00, 0x00, 0x00, 0x00, 0x80, 0xff, 0xff, 0x01, 0x00, 0x00, 0x00, 0x00, 0x00, 0x00, 
	0x00, 0x00, 0x00, 0x00, 0x00, 0x00, 0xc0, 0xff, 0xff, 0x00, 0x00, 0x00, 0x00, 0x00, 0x00, 0x00, 
	0x00, 0x00, 0x00, 0x00, 0x00, 0x00, 0xf0, 0xff, 0x7f, 0x00, 0x00, 0x00, 0x00, 0x00, 0x00, 0x00, 
	0x00, 0x00, 0x00, 0x00, 0x00, 0x00, 0xe0, 0xff, 0x3f, 0x00, 0x00, 0x00, 0x00, 0x00, 0x00, 0x00, 
	0x00, 0x00, 0x00, 0x00, 0x00, 0x00, 0xc0, 0xff, 0x1f, 0x00, 0x00, 0x00, 0x00, 0x00, 0x00, 0x00, 
	0x00, 0x00, 0x00, 0x00, 0x00, 0x00, 0x80, 0xff, 0x0f, 0x00, 0x00, 0x00, 0x00, 0x00, 0x00, 0x00, 
	0x00, 0x00, 0x00, 0x00, 0x00, 0x00, 0x00, 0xff, 0x07, 0x00, 0x00, 0x00, 0x00, 0x00, 0x00, 0x00, 
	0x00, 0x00, 0x00, 0x00, 0x00, 0x00, 0x00, 0xfe, 0x03, 0x00, 0x00, 0x00, 0x00, 0x00, 0x00, 0x00, 
	0x00, 0x00, 0x00, 0x00, 0x00, 0x00, 0x00, 0xfc, 0x01, 0x00, 0x00, 0x00, 0x00, 0x00, 0x00, 0x00, 
	0x00, 0x00, 0x00, 0x00, 0x00, 0x00, 0x00, 0xf8, 0x00, 0x00, 0x00, 0x00, 0x00, 0x00, 0x00, 0x00, 
	0x00, 0x00, 0x00, 0x00, 0x00, 0x00, 0x00, 0x40, 0x00, 0x00, 0x00, 0x00, 0x00, 0x00, 0x00, 0x00, 
	0x00, 0x00, 0x00, 0x00, 0x00, 0x00, 0x00, 0x00, 0x00, 0x00, 0x00, 0x00, 0x00, 0x00, 0x00, 0x00
};
// 'arrowjump6', 128x64px
const unsigned char rarrowjump6 [] = {
	0x00, 0x00, 0x00, 0x00, 0x00, 0x00, 0x00, 0x00, 0x00, 0x00, 0x00, 0x00, 0x00, 0x00, 0x00, 0x00, 
	0x00, 0x00, 0x00, 0x00, 0x00, 0x00, 0x00, 0x00, 0x00, 0x00, 0x00, 0x00, 0x00, 0x00, 0x00, 0x00, 
	0x00, 0x00, 0x00, 0x00, 0x00, 0x00, 0x00, 0x00, 0x00, 0x00, 0x00, 0x00, 0x00, 0x00, 0x00, 0x00, 
	0x00, 0x00, 0x00, 0x00, 0x00, 0x00, 0x00, 0x00, 0x00, 0x00, 0x00, 0x00, 0x00, 0x00, 0x00, 0x00, 
	0x00, 0x00, 0x00, 0x00, 0x00, 0x00, 0x00, 0x00, 0x00, 0x00, 0x00, 0x00, 0x00, 0x00, 0x00, 0x00, 
	0x00, 0x00, 0x00, 0x00, 0x00, 0x00, 0x00, 0x00, 0x00, 0x00, 0x00, 0x00, 0x00, 0x00, 0x00, 0x00, 
	0x00, 0x00, 0x00, 0x00, 0x00, 0x00, 0x00, 0x00, 0x00, 0x00, 0x00, 0x00, 0x00, 0x00, 0x00, 0x00, 
	0x00, 0x00, 0x00, 0x00, 0x00, 0x00, 0x00, 0x00, 0x00, 0x00, 0x00, 0x00, 0x00, 0xf0, 0x00, 0x00, 
	0x00, 0x00, 0x00, 0x00, 0x00, 0x00, 0x00, 0x00, 0x00, 0x00, 0x00, 0x00, 0x80, 0xff, 0x00, 0x00, 
	0x00, 0x00, 0x00, 0x00, 0x00, 0x00, 0x00, 0x00, 0x00, 0x00, 0x00, 0x00, 0xf0, 0xff, 0x00, 0x00, 
	0x00, 0x00, 0x00, 0x00, 0x00, 0x00, 0x00, 0x00, 0x00, 0x00, 0x00, 0xf0, 0xff, 0xff, 0x00, 0x00, 
	0x00, 0x00, 0x00, 0x00, 0x00, 0x00, 0x00, 0x00, 0x00, 0x00, 0xf0, 0xff, 0xff, 0xff, 0x00, 0x00, 
	0x00, 0x00, 0x00, 0x00, 0x00, 0x00, 0x00, 0x00, 0x00, 0x00, 0xe0, 0xff, 0xff, 0xff, 0x00, 0x00, 
	0x00, 0x00, 0x00, 0x00, 0x00, 0x00, 0x00, 0x00, 0x00, 0x00, 0xc0, 0xff, 0xff, 0xff, 0x00, 0x00, 
	0x00, 0x00, 0x00, 0x00, 0x00, 0x00, 0x00, 0x00, 0x00, 0x00, 0x80, 0xff, 0xff, 0x7f, 0x00, 0x00, 
	0x00, 0x00, 0x00, 0x00, 0x00, 0x00, 0x00, 0x00, 0x00, 0x00, 0x00, 0xff, 0xff, 0x7f, 0x00, 0x00, 
	0x00, 0x00, 0x00, 0x00, 0x00, 0x00, 0x00, 0x00, 0x00, 0x00, 0x00, 0xfe, 0xff, 0x7f, 0x00, 0x00, 
	0x00, 0x00, 0x00, 0x00, 0x00, 0x00, 0x00, 0x00, 0x00, 0x00, 0x00, 0xfc, 0xff, 0x7f, 0x00, 0x00, 
	0x00, 0x00, 0x00, 0x00, 0x00, 0x00, 0x00, 0x00, 0x00, 0x00, 0x00, 0xf8, 0xff, 0x7f, 0x00, 0x00, 
	0x00, 0x00, 0x00, 0x00, 0x00, 0x00, 0x00, 0x00, 0x00, 0x00, 0x00, 0xfc, 0xff, 0x7f, 0x00, 0x00, 
	0x00, 0x00, 0x00, 0x00, 0x00, 0x00, 0x00, 0x00, 0x00, 0x00, 0x00, 0xfe, 0xff, 0x7f, 0x00, 0x00, 
	0x00, 0x00, 0x00, 0x00, 0x00, 0x00, 0x00, 0x00, 0x00, 0x00, 0x00, 0xff, 0xff, 0x7f, 0x00, 0x00, 
	0x00, 0x00, 0x00, 0x00, 0x00, 0x00, 0x00, 0x00, 0x00, 0x00, 0x80, 0xff, 0xff, 0x3f, 0x00, 0x00, 
	0x00, 0x00, 0x00, 0x00, 0x00, 0x00, 0x00, 0x00, 0x00, 0x00, 0xc0, 0xff, 0xff, 0x3f, 0x00, 0x00, 
	0x00, 0x00, 0x00, 0x00, 0x00, 0x00, 0x00, 0x00, 0x00, 0x00, 0xe0, 0xff, 0xff, 0x3f, 0x00, 0x00, 
	0x00, 0x00, 0x00, 0x00, 0x00, 0x00, 0x00, 0x00, 0x00, 0x00, 0xf0, 0xff, 0xff, 0x3f, 0x00, 0x00, 
	0x00, 0x00, 0x00, 0x00, 0x00, 0x00, 0x00, 0x00, 0x00, 0x00, 0xf8, 0xff, 0xff, 0x3f, 0x00, 0x00, 
	0x00, 0x00, 0x00, 0x00, 0x00, 0x00, 0x00, 0x00, 0x00, 0x00, 0xfc, 0xff, 0xff, 0x3f, 0x00, 0x00, 
	0x00, 0x00, 0x00, 0x00, 0x00, 0x00, 0x00, 0x00, 0x00, 0x00, 0xff, 0xff, 0xff, 0x3f, 0x00, 0x00, 
	0x00, 0x00, 0x00, 0x00, 0x00, 0x00, 0x00, 0x00, 0x00, 0x80, 0xff, 0xff, 0xe7, 0x1f, 0x00, 0x00, 
	0x00, 0x00, 0x00, 0x00, 0x00, 0x00, 0x00, 0x00, 0x00, 0xc0, 0xff, 0xff, 0xc3, 0x1f, 0x00, 0x00, 
	0x00, 0x00, 0x00, 0x00, 0x00, 0x00, 0x00, 0x00, 0x00, 0xe0, 0xff, 0xff, 0x81, 0x1f, 0x00, 0x00, 
	0x00, 0x00, 0x00, 0x00, 0x00, 0x00, 0x00, 0x00, 0x00, 0xf0, 0xff, 0xff, 0x00, 0x1f, 0x00, 0x00, 
	0x00, 0x00, 0x00, 0x00, 0x00, 0x00, 0x00, 0x00, 0x00, 0xfc, 0xff, 0x7f, 0x00, 0x1e, 0x00, 0x00, 
	0x00, 0x00, 0x00, 0x00, 0x00, 0x00, 0x00, 0x00, 0x00, 0xfe, 0xff, 0x3f, 0x00, 0x1c, 0x00, 0x00, 
	0x00, 0x00, 0x00, 0x00, 0x00, 0x00, 0x00, 0x00, 0x00, 0xff, 0xff, 0x0f, 0x00, 0x18, 0x00, 0x00, 
	0x00, 0x00, 0x00, 0x00, 0x00, 0x00, 0x00, 0x00, 0x80, 0xff, 0xff, 0x07, 0x00, 0x00, 0x00, 0x00, 
	0x00, 0x00, 0x00, 0x00, 0x00, 0x00, 0x00, 0x00, 0xc0, 0xff, 0xff, 0x03, 0x00, 0x00, 0x00, 0x00, 
	0x00, 0x00, 0x00, 0x00, 0x00, 0x00, 0x00, 0x00, 0xe0, 0xff, 0xff, 0x01, 0x00, 0x00, 0x00, 0x00, 
	0x00, 0x00, 0x00, 0x00, 0x00, 0x00, 0x00, 0x00, 0xf0, 0xff, 0xff, 0x00, 0x00, 0x00, 0x00, 0x00, 
	0x00, 0x00, 0x00, 0x00, 0x00, 0x00, 0x00, 0x00, 0xf8, 0xff, 0x3f, 0x00, 0x00, 0x00, 0x00, 0x00, 
	0x00, 0x00, 0x00, 0x00, 0x00, 0x00, 0x00, 0x00, 0xfc, 0xff, 0x1f, 0x00, 0x00, 0x00, 0x00, 0x00, 
	0x00, 0x00, 0x00, 0x00, 0x00, 0x00, 0x00, 0x00, 0xfe, 0xff, 0x0f, 0x00, 0x00, 0x00, 0x00, 0x00, 
	0x00, 0x00, 0x00, 0x00, 0x00, 0x00, 0x00, 0x00, 0xff, 0xff, 0x07, 0x00, 0x00, 0x00, 0x00, 0x00, 
	0x00, 0x00, 0x00, 0x00, 0x00, 0x00, 0x00, 0x80, 0xff, 0xff, 0x03, 0x00, 0x00, 0x00, 0x00, 0x00, 
	0x00, 0x00, 0x00, 0x00, 0x00, 0x00, 0x00, 0xc0, 0xff, 0xff, 0x01, 0x00, 0x00, 0x00, 0x00, 0x00, 
	0x00, 0x00, 0x00, 0x00, 0x00, 0x00, 0x00, 0xe0, 0xff, 0xff, 0x00, 0x00, 0x00, 0x00, 0x00, 0x00, 
	0x00, 0x00, 0x00, 0x00, 0x00, 0x00, 0x00, 0xf8, 0xff, 0x7f, 0x00, 0x00, 0x00, 0x00, 0x00, 0x00, 
	0x00, 0x00, 0x00, 0x00, 0x00, 0x00, 0x00, 0xfc, 0xff, 0x3f, 0x00, 0x00, 0x00, 0x00, 0x00, 0x00, 
	0x00, 0x00, 0x00, 0x00, 0x00, 0x00, 0x00, 0xfe, 0xff, 0x1f, 0x00, 0x00, 0x00, 0x00, 0x00, 0x00, 
	0x00, 0x00, 0x00, 0x00, 0x00, 0x00, 0x00, 0xff, 0xff, 0x0f, 0x00, 0x00, 0x00, 0x00, 0x00, 0x00, 
	0x00, 0x00, 0x00, 0x00, 0x00, 0x00, 0x80, 0xff, 0xff, 0x07, 0x00, 0x00, 0x00, 0x00, 0x00, 0x00, 
	0x00, 0x00, 0x00, 0x00, 0x00, 0x00, 0xc0, 0xff, 0xff, 0x03, 0x00, 0x00, 0x00, 0x00, 0x00, 0x00, 
	0x00, 0x00, 0x00, 0x00, 0x00, 0x00, 0xe0, 0xff, 0xff, 0x00, 0x00, 0x00, 0x00, 0x00, 0x00, 0x00, 
	0x00, 0x00, 0x00, 0x00, 0x00, 0x00, 0xf0, 0xff, 0x7f, 0x00, 0x00, 0x00, 0x00, 0x00, 0x00, 0x00, 
	0x00, 0x00, 0x00, 0x00, 0x00, 0x00, 0xe0, 0xff, 0x3f, 0x00, 0x00, 0x00, 0x00, 0x00, 0x00, 0x00, 
	0x00, 0x00, 0x00, 0x00, 0x00, 0x00, 0xc0, 0xff, 0x1f, 0x00, 0x00, 0x00, 0x00, 0x00, 0x00, 0x00, 
	0x00, 0x00, 0x00, 0x00, 0x00, 0x00, 0x00, 0xff, 0x0f, 0x00, 0x00, 0x00, 0x00, 0x00, 0x00, 0x00, 
	0x00, 0x00, 0x00, 0x00, 0x00, 0x00, 0x00, 0xfe, 0x07, 0x00, 0x00, 0x00, 0x00, 0x00, 0x00, 0x00, 
	0x00, 0x00, 0x00, 0x00, 0x00, 0x00, 0x00, 0xfc, 0x01, 0x00, 0x00, 0x00, 0x00, 0x00, 0x00, 0x00, 
	0x00, 0x00, 0x00, 0x00, 0x00, 0x00, 0x00, 0xf8, 0x00, 0x00, 0x00, 0x00, 0x00, 0x00, 0x00, 0x00, 
	0x00, 0x00, 0x00, 0x00, 0x00, 0x00, 0x00, 0x70, 0x00, 0x00, 0x00, 0x00, 0x00, 0x00, 0x00, 0x00, 
	0x00, 0x00, 0x00, 0x00, 0x00, 0x00, 0x00, 0x20, 0x00, 0x00, 0x00, 0x00, 0x00, 0x00, 0x00, 0x00, 
	0x00, 0x00, 0x00, 0x00, 0x00, 0x00, 0x00, 0x00, 0x00, 0x00, 0x00, 0x00, 0x00, 0x00, 0x00, 0x00
};

// 'clk1', 128x64px
const unsigned char cclk1 []  = {
	0x00, 0x00, 0x00, 0x00, 0x00, 0x00, 0x00, 0x00, 0x00, 0x00, 0x00, 0x00, 0x00, 0x00, 0x00, 0x00, 
	0x00, 0x00, 0x00, 0x00, 0x00, 0x00, 0x00, 0x00, 0x00, 0x00, 0x00, 0x00, 0x00, 0x00, 0x00, 0x00, 
	0x00, 0x00, 0x00, 0x00, 0x00, 0x00, 0x00, 0x00, 0x00, 0x00, 0x00, 0x00, 0x00, 0x00, 0x00, 0x00, 
	0x00, 0x00, 0x00, 0x00, 0x00, 0x00, 0x00, 0x00, 0x00, 0x00, 0x00, 0x00, 0x00, 0x00, 0x00, 0x00, 
	0x00, 0x00, 0x00, 0x00, 0x00, 0x00, 0x00, 0x00, 0x00, 0x00, 0x00, 0x00, 0x00, 0x00, 0x00, 0x00, 
	0x00, 0x00, 0x00, 0x00, 0x00, 0x00, 0x00, 0x00, 0x00, 0x00, 0x00, 0x00, 0x00, 0x00, 0x00, 0x00, 
	0x00, 0x00, 0x00, 0x00, 0x00, 0x00, 0x00, 0x00, 0x00, 0x00, 0x00, 0x00, 0x00, 0x00, 0x00, 0x00, 
	0x00, 0x00, 0x00, 0x00, 0x00, 0x00, 0x00, 0xf0, 0x1f, 0x00, 0x00, 0x00, 0x00, 0x00, 0x00, 0x00, 
	0x00, 0x00, 0x00, 0x00, 0x00, 0x00, 0x00, 0x0f, 0xe0, 0x01, 0x00, 0x00, 0x00, 0x00, 0x00, 0x00, 
	0x00, 0x00, 0x00, 0x00, 0x00, 0x00, 0xc0, 0x00, 0x00, 0x06, 0x00, 0x00, 0x00, 0x00, 0x00, 0x00, 
	0x00, 0x00, 0x00, 0x00, 0x00, 0x00, 0x30, 0x00, 0x00, 0x18, 0x00, 0x00, 0x00, 0x00, 0x00, 0x00, 
	0x00, 0x00, 0x00, 0x00, 0x00, 0x00, 0x0c, 0x00, 0x00, 0x60, 0x00, 0x00, 0x00, 0x00, 0x00, 0x00, 
	0x00, 0x00, 0x00, 0x00, 0x00, 0x00, 0x02, 0x00, 0x00, 0x80, 0x00, 0x00, 0x00, 0x00, 0x00, 0x00, 
	0x00, 0x00, 0x00, 0x00, 0x00, 0x00, 0x01, 0x00, 0x00, 0x00, 0x01, 0x00, 0x00, 0x00, 0x00, 0x00, 
	0x00, 0x00, 0x00, 0x00, 0x00, 0x80, 0x00, 0x00, 0x00, 0x00, 0x02, 0x00, 0x00, 0x00, 0x00, 0x00, 
	0x00, 0x00, 0x00, 0x00, 0x00, 0x40, 0x00, 0x00, 0x00, 0x00, 0x04, 0x00, 0x00, 0x00, 0x00, 0x00, 
	0x00, 0x00, 0x00, 0x00, 0x00, 0x20, 0x00, 0x00, 0x00, 0x00, 0x08, 0x00, 0x00, 0x00, 0x00, 0x00, 
	0x00, 0x00, 0x00, 0x00, 0x00, 0x10, 0x00, 0x00, 0x00, 0x00, 0x10, 0x00, 0x00, 0x00, 0x00, 0x00, 
	0x00, 0x00, 0x00, 0x00, 0x00, 0x08, 0x00, 0x00, 0x00, 0x00, 0x20, 0x00, 0x00, 0x00, 0x00, 0x00, 
	0x00, 0x00, 0x00, 0x00, 0x00, 0x08, 0x00, 0x00, 0x00, 0x00, 0x20, 0x00, 0x00, 0x00, 0x00, 0x00, 
	0x00, 0x00, 0x00, 0x00, 0x00, 0x04, 0x00, 0x00, 0x00, 0x00, 0x40, 0x00, 0x00, 0x00, 0x00, 0x00, 
	0x00, 0x00, 0x00, 0x00, 0x00, 0x04, 0x00, 0x00, 0x00, 0x00, 0x40, 0x00, 0x00, 0x00, 0x00, 0x00, 
	0x00, 0x00, 0x00, 0x00, 0x00, 0x02, 0x00, 0x00, 0x00, 0x00, 0x80, 0x00, 0x00, 0x00, 0x00, 0x00, 
	0x00, 0x00, 0x00, 0x00, 0x00, 0x02, 0x00, 0x00, 0x00, 0x00, 0x80, 0x00, 0x00, 0x00, 0x00, 0x00, 
	0x00, 0x00, 0x00, 0x00, 0x00, 0x01, 0x00, 0x00, 0x00, 0x00, 0x00, 0x01, 0x00, 0x00, 0x00, 0x00, 
	0x00, 0x00, 0x00, 0x00, 0x00, 0x01, 0x00, 0x00, 0x00, 0x00, 0x00, 0x01, 0x00, 0x00, 0x00, 0x00, 
	0x00, 0x00, 0x00, 0x00, 0x00, 0x01, 0x00, 0x00, 0x00, 0x00, 0x00, 0x01, 0x00, 0x00, 0x00, 0x00, 
	0x00, 0x00, 0x00, 0x00, 0x00, 0x01, 0x00, 0x00, 0x00, 0x00, 0x00, 0x01, 0x00, 0x00, 0x00, 0x00, 
	0x00, 0x00, 0x00, 0x00, 0x80, 0x00, 0x00, 0x00, 0x00, 0x00, 0x00, 0x02, 0x00, 0x00, 0x00, 0x00, 
	0x00, 0x00, 0x00, 0x00, 0x80, 0x00, 0x00, 0x00, 0x00, 0x00, 0x00, 0x02, 0x00, 0x00, 0x00, 0x00, 
	0x00, 0x00, 0x00, 0x00, 0x80, 0x00, 0x00, 0x00, 0x00, 0x00, 0x00, 0x02, 0x00, 0x00, 0x00, 0x00, 
	0x00, 0x00, 0x00, 0x00, 0x80, 0x00, 0x00, 0x00, 0x00, 0x00, 0x00, 0x02, 0x00, 0x00, 0x00, 0x00, 
	0x00, 0x00, 0x00, 0x00, 0x80, 0x00, 0x00, 0x00, 0x00, 0x00, 0x00, 0x02, 0x00, 0x00, 0x00, 0x00, 
	0x00, 0x00, 0x00, 0x00, 0x80, 0x00, 0x00, 0x00, 0x00, 0x00, 0x00, 0x02, 0x00, 0x00, 0x00, 0x00, 
	0x00, 0x00, 0x00, 0x00, 0x80, 0x00, 0x00, 0x00, 0x00, 0x00, 0x00, 0x02, 0x00, 0x00, 0x00, 0x00, 
	0x00, 0x00, 0x00, 0x00, 0x80, 0x00, 0x00, 0x00, 0x00, 0x00, 0x00, 0x02, 0x00, 0x00, 0x00, 0x00, 
	0x00, 0x00, 0x00, 0x00, 0x80, 0x00, 0x00, 0x00, 0x00, 0x00, 0x00, 0x02, 0x00, 0x00, 0x00, 0x00, 
	0x00, 0x00, 0x00, 0x00, 0x00, 0x01, 0x00, 0x00, 0x00, 0x00, 0x00, 0x01, 0x00, 0x00, 0x00, 0x00, 
	0x00, 0x00, 0x00, 0x00, 0x00, 0x01, 0x00, 0x00, 0x00, 0x00, 0x00, 0x01, 0x00, 0x00, 0x00, 0x00, 
	0x00, 0x00, 0x00, 0x00, 0x00, 0x01, 0x00, 0x00, 0x00, 0x00, 0x00, 0x01, 0x00, 0x00, 0x00, 0x00, 
	0x00, 0x00, 0x00, 0x00, 0x00, 0x01, 0x00, 0x00, 0x00, 0x00, 0x00, 0x01, 0x00, 0x00, 0x00, 0x00, 
	0x00, 0x00, 0x00, 0x00, 0x00, 0x02, 0x00, 0x00, 0x00, 0x00, 0x80, 0x00, 0x00, 0x00, 0x00, 0x00, 
	0x00, 0x00, 0x00, 0x00, 0x00, 0x02, 0x00, 0x00, 0x00, 0x00, 0x80, 0x00, 0x00, 0x00, 0x00, 0x00, 
	0x00, 0x00, 0x00, 0x00, 0x00, 0x04, 0x00, 0x00, 0x00, 0x00, 0x40, 0x00, 0x00, 0x00, 0x00, 0x00, 
	0x00, 0x00, 0x00, 0x00, 0x00, 0x04, 0x00, 0x00, 0x00, 0x00, 0x40, 0x00, 0x00, 0x00, 0x00, 0x00, 
	0x00, 0x00, 0x00, 0x00, 0x00, 0x08, 0x00, 0x00, 0x00, 0x00, 0x20, 0x00, 0x00, 0x00, 0x00, 0x00, 
	0x00, 0x00, 0x00, 0x00, 0x00, 0x08, 0x00, 0x00, 0x00, 0x00, 0x20, 0x00, 0x00, 0x00, 0x00, 0x00, 
	0x00, 0x00, 0x00, 0x00, 0x00, 0x10, 0x00, 0x00, 0x00, 0x00, 0x10, 0x00, 0x00, 0x00, 0x00, 0x00, 
	0x00, 0x00, 0x00, 0x00, 0x00, 0x20, 0x00, 0x00, 0x00, 0x00, 0x08, 0x00, 0x00, 0x00, 0x00, 0x00, 
	0x00, 0x00, 0x00, 0x00, 0x00, 0x40, 0x00, 0x00, 0x00, 0x00, 0x04, 0x00, 0x00, 0x00, 0x00, 0x00, 
	0x00, 0x00, 0x00, 0x00, 0x00, 0x80, 0x00, 0x00, 0x00, 0x00, 0x02, 0x00, 0x00, 0x00, 0x00, 0x00, 
	0x00, 0x00, 0x00, 0x00, 0x00, 0x00, 0x01, 0x00, 0x00, 0x00, 0x01, 0x00, 0x00, 0x00, 0x00, 0x00, 
	0x00, 0x00, 0x00, 0x00, 0x00, 0x00, 0x02, 0x00, 0x00, 0x80, 0x00, 0x00, 0x00, 0x00, 0x00, 0x00, 
	0x00, 0x00, 0x00, 0x00, 0x00, 0x00, 0x0c, 0x00, 0x00, 0x60, 0x00, 0x00, 0x00, 0x00, 0x00, 0x00, 
	0x00, 0x00, 0x00, 0x00, 0x00, 0x00, 0x30, 0x00, 0x00, 0x18, 0x00, 0x00, 0x00, 0x00, 0x00, 0x00, 
	0x00, 0x00, 0x00, 0x00, 0x00, 0x00, 0xc0, 0x00, 0x00, 0x06, 0x00, 0x00, 0x00, 0x00, 0x00, 0x00, 
	0x00, 0x00, 0x00, 0x00, 0x00, 0x00, 0x00, 0x0f, 0xe0, 0x01, 0x00, 0x00, 0x00, 0x00, 0x00, 0x00, 
	0x00, 0x00, 0x00, 0x00, 0x00, 0x00, 0x00, 0xf0, 0x1f, 0x00, 0x00, 0x00, 0x00, 0x00, 0x00, 0x00, 
	0x00, 0x00, 0x00, 0x00, 0x00, 0x00, 0x00, 0x00, 0x00, 0x00, 0x00, 0x00, 0x00, 0x00, 0x00, 0x00, 
	0x00, 0x00, 0x00, 0x00, 0x00, 0x00, 0x00, 0x00, 0x00, 0x00, 0x00, 0x00, 0x00, 0x00, 0x00, 0x00, 
	0x00, 0x00, 0x00, 0x00, 0x00, 0x00, 0x00, 0x00, 0x00, 0x00, 0x00, 0x00, 0x00, 0x00, 0x00, 0x00, 
	0x00, 0x00, 0x00, 0x00, 0x00, 0x00, 0x00, 0x00, 0x00, 0x00, 0x00, 0x00, 0x00, 0x00, 0x00, 0x00, 
	0x00, 0x00, 0x00, 0x00, 0x00, 0x00, 0x00, 0x00, 0x00, 0x00, 0x00, 0x00, 0x00, 0x00, 0x00, 0x00, 
	0x00, 0x00, 0x00, 0x00, 0x00, 0x00, 0x00, 0x00, 0x00, 0x00, 0x00, 0x00, 0x00, 0x00, 0x00, 0x00
};
// 'clk2', 128x64px
const unsigned char cclk2 []  = {
	0x00, 0x00, 0x00, 0x00, 0x00, 0x00, 0x00, 0x00, 0x00, 0x00, 0x00, 0x00, 0x00, 0x00, 0x00, 0x00, 
	0x00, 0x00, 0x00, 0x00, 0x00, 0x00, 0x00, 0x00, 0x00, 0x00, 0x00, 0x00, 0x00, 0x00, 0x00, 0x00, 
	0x00, 0x00, 0x00, 0x00, 0x00, 0x00, 0x00, 0x00, 0x00, 0x00, 0x00, 0x00, 0x00, 0x00, 0x00, 0x00, 
	0x00, 0x00, 0x00, 0x00, 0x00, 0x00, 0x00, 0x00, 0x00, 0x00, 0x00, 0x00, 0x00, 0x00, 0x00, 0x00, 
	0x00, 0x00, 0x00, 0x00, 0x00, 0x00, 0x00, 0x00, 0x00, 0x00, 0x00, 0x00, 0x00, 0x00, 0x00, 0x00, 
	0x00, 0x00, 0x00, 0x00, 0x00, 0x00, 0x00, 0x00, 0x00, 0x00, 0x00, 0x00, 0x00, 0x00, 0x00, 0x00, 
	0x00, 0x00, 0x00, 0x00, 0x00, 0x00, 0x00, 0x00, 0x00, 0x00, 0x00, 0x00, 0x00, 0x00, 0x00, 0x00, 
	0x00, 0x00, 0x00, 0x00, 0x00, 0x00, 0x00, 0xf0, 0x1f, 0x00, 0x00, 0x00, 0x00, 0x00, 0x00, 0x00, 
	0x00, 0x00, 0x00, 0x00, 0x00, 0x00, 0x00, 0x0f, 0xe0, 0x01, 0x00, 0x00, 0x00, 0x00, 0x00, 0x00, 
	0x00, 0x00, 0x00, 0x00, 0x00, 0x00, 0xc0, 0x00, 0x00, 0x06, 0x00, 0x00, 0x00, 0x00, 0x00, 0x00, 
	0x00, 0x00, 0x00, 0x00, 0x00, 0x00, 0x30, 0x00, 0x00, 0x18, 0x00, 0x00, 0x00, 0x00, 0x00, 0x00, 
	0x00, 0x00, 0x00, 0x00, 0x00, 0x00, 0x0c, 0x00, 0x00, 0x60, 0x00, 0x00, 0x00, 0x00, 0x00, 0x00, 
	0x00, 0x00, 0x00, 0x00, 0x00, 0x00, 0x02, 0x00, 0x00, 0x80, 0x00, 0x00, 0x00, 0x00, 0x00, 0x00, 
	0x00, 0x00, 0x00, 0x00, 0x00, 0x00, 0x01, 0x00, 0x00, 0x00, 0x01, 0x00, 0x00, 0x00, 0x00, 0x00, 
	0x00, 0x00, 0x00, 0x00, 0x00, 0x80, 0x00, 0x00, 0x00, 0x00, 0x02, 0x00, 0x00, 0x00, 0x00, 0x00, 
	0x00, 0x00, 0x00, 0x00, 0x00, 0x40, 0x00, 0x00, 0x00, 0x00, 0x04, 0x00, 0x00, 0x00, 0x00, 0x00, 
	0x00, 0x00, 0x00, 0x00, 0x00, 0x20, 0x00, 0x00, 0x00, 0x00, 0x08, 0x00, 0x00, 0x00, 0x00, 0x00, 
	0x00, 0x00, 0x00, 0x00, 0x00, 0x10, 0x00, 0x00, 0x00, 0x00, 0x10, 0x00, 0x00, 0x00, 0x00, 0x00, 
	0x00, 0x00, 0x00, 0x00, 0x00, 0x08, 0x00, 0x00, 0x00, 0x00, 0x20, 0x00, 0x00, 0x00, 0x00, 0x00, 
	0x00, 0x00, 0x00, 0x00, 0x00, 0x08, 0x00, 0x00, 0x00, 0x00, 0x20, 0x00, 0x00, 0x00, 0x00, 0x00, 
	0x00, 0x00, 0x00, 0x00, 0x00, 0x04, 0x00, 0x00, 0x00, 0x00, 0x40, 0x00, 0x00, 0x00, 0x00, 0x00, 
	0x00, 0x00, 0x00, 0x00, 0x00, 0x04, 0x00, 0x00, 0x00, 0x0e, 0x40, 0x00, 0x00, 0x00, 0x00, 0x00, 
	0x00, 0x00, 0x00, 0x00, 0x00, 0x02, 0x00, 0x00, 0xc0, 0x0f, 0x80, 0x00, 0x00, 0x00, 0x00, 0x00, 
	0x00, 0x00, 0x00, 0x00, 0x00, 0x02, 0x00, 0x00, 0x80, 0x07, 0x80, 0x00, 0x00, 0x00, 0x00, 0x00, 
	0x00, 0x00, 0x00, 0x00, 0x00, 0x01, 0x00, 0x00, 0x00, 0x07, 0x00, 0x01, 0x00, 0x00, 0x00, 0x00, 
	0x00, 0x00, 0x00, 0x00, 0x00, 0x01, 0x00, 0x00, 0x80, 0x06, 0x00, 0x01, 0x00, 0x00, 0x00, 0x00, 
	0x00, 0x00, 0x00, 0x00, 0x00, 0x01, 0x00, 0x00, 0x40, 0x02, 0x00, 0x01, 0x00, 0x00, 0x00, 0x00, 
	0x00, 0x00, 0x00, 0x00, 0x00, 0x01, 0x00, 0x00, 0x20, 0x00, 0x00, 0x01, 0x00, 0x00, 0x00, 0x00, 
	0x00, 0x00, 0x00, 0x00, 0x80, 0x00, 0x00, 0x00, 0x10, 0x00, 0x00, 0x02, 0x00, 0x00, 0x00, 0x00, 
	0x00, 0x00, 0x00, 0x00, 0x80, 0x00, 0x00, 0x00, 0x08, 0x00, 0x00, 0x02, 0x00, 0x00, 0x00, 0x00, 
	0x00, 0x00, 0x00, 0x00, 0x80, 0x00, 0x00, 0x00, 0x00, 0x00, 0x00, 0x02, 0x00, 0x00, 0x00, 0x00, 
	0x00, 0x00, 0x00, 0x00, 0x80, 0x00, 0x00, 0x00, 0x00, 0x00, 0x00, 0x02, 0x00, 0x00, 0x00, 0x00, 
	0x00, 0x00, 0x00, 0x00, 0x80, 0x00, 0x00, 0x00, 0x00, 0x00, 0x00, 0x02, 0x00, 0x00, 0x00, 0x00, 
	0x00, 0x00, 0x00, 0x00, 0x80, 0x00, 0x00, 0x00, 0x00, 0x00, 0x00, 0x02, 0x00, 0x00, 0x00, 0x00, 
	0x00, 0x00, 0x00, 0x00, 0x80, 0x00, 0x00, 0x00, 0x00, 0x00, 0x00, 0x02, 0x00, 0x00, 0x00, 0x00, 
	0x00, 0x00, 0x00, 0x00, 0x80, 0x00, 0x00, 0x00, 0x00, 0x00, 0x00, 0x02, 0x00, 0x00, 0x00, 0x00, 
	0x00, 0x00, 0x00, 0x00, 0x80, 0x00, 0x00, 0x00, 0x00, 0x00, 0x00, 0x02, 0x00, 0x00, 0x00, 0x00, 
	0x00, 0x00, 0x00, 0x00, 0x00, 0x01, 0x00, 0x00, 0x00, 0x00, 0x00, 0x01, 0x00, 0x00, 0x00, 0x00, 
	0x00, 0x00, 0x00, 0x00, 0x00, 0x01, 0x00, 0x00, 0x00, 0x00, 0x00, 0x01, 0x00, 0x00, 0x00, 0x00, 
	0x00, 0x00, 0x00, 0x00, 0x00, 0x01, 0x00, 0x00, 0x00, 0x00, 0x00, 0x01, 0x00, 0x00, 0x00, 0x00, 
	0x00, 0x00, 0x00, 0x00, 0x00, 0x01, 0x00, 0x00, 0x00, 0x00, 0x00, 0x01, 0x00, 0x00, 0x00, 0x00, 
	0x00, 0x00, 0x00, 0x00, 0x00, 0x02, 0x00, 0x00, 0x00, 0x00, 0x80, 0x00, 0x00, 0x00, 0x00, 0x00, 
	0x00, 0x00, 0x00, 0x00, 0x00, 0x02, 0x00, 0x00, 0x00, 0x00, 0x80, 0x00, 0x00, 0x00, 0x00, 0x00, 
	0x00, 0x00, 0x00, 0x00, 0x00, 0x04, 0x00, 0x00, 0x00, 0x00, 0x40, 0x00, 0x00, 0x00, 0x00, 0x00, 
	0x00, 0x00, 0x00, 0x00, 0x00, 0x04, 0x00, 0x00, 0x00, 0x00, 0x40, 0x00, 0x00, 0x00, 0x00, 0x00, 
	0x00, 0x00, 0x00, 0x00, 0x00, 0x08, 0x00, 0x00, 0x00, 0x00, 0x20, 0x00, 0x00, 0x00, 0x00, 0x00, 
	0x00, 0x00, 0x00, 0x00, 0x00, 0x08, 0x00, 0x00, 0x00, 0x00, 0x20, 0x00, 0x00, 0x00, 0x00, 0x00, 
	0x00, 0x00, 0x00, 0x00, 0x00, 0x10, 0x00, 0x00, 0x00, 0x00, 0x10, 0x00, 0x00, 0x00, 0x00, 0x00, 
	0x00, 0x00, 0x00, 0x00, 0x00, 0x20, 0x00, 0x00, 0x00, 0x00, 0x08, 0x00, 0x00, 0x00, 0x00, 0x00, 
	0x00, 0x00, 0x00, 0x00, 0x00, 0x40, 0x00, 0x00, 0x00, 0x00, 0x04, 0x00, 0x00, 0x00, 0x00, 0x00, 
	0x00, 0x00, 0x00, 0x00, 0x00, 0x80, 0x00, 0x00, 0x00, 0x00, 0x02, 0x00, 0x00, 0x00, 0x00, 0x00, 
	0x00, 0x00, 0x00, 0x00, 0x00, 0x00, 0x01, 0x00, 0x00, 0x00, 0x01, 0x00, 0x00, 0x00, 0x00, 0x00, 
	0x00, 0x00, 0x00, 0x00, 0x00, 0x00, 0x02, 0x00, 0x00, 0x80, 0x00, 0x00, 0x00, 0x00, 0x00, 0x00, 
	0x00, 0x00, 0x00, 0x00, 0x00, 0x00, 0x0c, 0x00, 0x00, 0x60, 0x00, 0x00, 0x00, 0x00, 0x00, 0x00, 
	0x00, 0x00, 0x00, 0x00, 0x00, 0x00, 0x30, 0x00, 0x00, 0x18, 0x00, 0x00, 0x00, 0x00, 0x00, 0x00, 
	0x00, 0x00, 0x00, 0x00, 0x00, 0x00, 0xc0, 0x00, 0x00, 0x06, 0x00, 0x00, 0x00, 0x00, 0x00, 0x00, 
	0x00, 0x00, 0x00, 0x00, 0x00, 0x00, 0x00, 0x0f, 0xe0, 0x01, 0x00, 0x00, 0x00, 0x00, 0x00, 0x00, 
	0x00, 0x00, 0x00, 0x00, 0x00, 0x00, 0x00, 0xf0, 0x1f, 0x00, 0x00, 0x00, 0x00, 0x00, 0x00, 0x00, 
	0x00, 0x00, 0x00, 0x00, 0x00, 0x00, 0x00, 0x00, 0x00, 0x00, 0x00, 0x00, 0x00, 0x00, 0x00, 0x00, 
	0x00, 0x00, 0x00, 0x00, 0x00, 0x00, 0x00, 0x00, 0x00, 0x00, 0x00, 0x00, 0x00, 0x00, 0x00, 0x00, 
	0x00, 0x00, 0x00, 0x00, 0x00, 0x00, 0x00, 0x00, 0x00, 0x00, 0x00, 0x00, 0x00, 0x00, 0x00, 0x00, 
	0x00, 0x00, 0x00, 0x00, 0x00, 0x00, 0x00, 0x00, 0x00, 0x00, 0x00, 0x00, 0x00, 0x00, 0x00, 0x00, 
	0x00, 0x00, 0x00, 0x00, 0x00, 0x00, 0x00, 0x00, 0x00, 0x00, 0x00, 0x00, 0x00, 0x00, 0x00, 0x00, 
	0x00, 0x00, 0x00, 0x00, 0x00, 0x00, 0x00, 0x00, 0x00, 0x00, 0x00, 0x00, 0x00, 0x00, 0x00, 0x00
};
// 'clk3', 128x64px
const unsigned char cclk3 []  = {
	0x00, 0x00, 0x00, 0x00, 0x00, 0x00, 0x00, 0x00, 0x00, 0x00, 0x00, 0x00, 0x00, 0x00, 0x00, 0x00, 
	0x00, 0x00, 0x00, 0x00, 0x00, 0x00, 0x00, 0x00, 0x00, 0x00, 0x00, 0x00, 0x00, 0x00, 0x00, 0x00, 
	0x00, 0x00, 0x00, 0x00, 0x00, 0x00, 0x00, 0x00, 0x00, 0x00, 0x00, 0x00, 0x00, 0x00, 0x00, 0x00, 
	0x00, 0x00, 0x00, 0x00, 0x00, 0x00, 0x00, 0x00, 0x00, 0x00, 0x00, 0x00, 0x00, 0x00, 0x00, 0x00, 
	0x00, 0x00, 0x00, 0x00, 0x00, 0x00, 0x00, 0x00, 0x00, 0x00, 0x00, 0x00, 0x00, 0x00, 0x00, 0x00, 
	0x00, 0x00, 0x00, 0x00, 0x00, 0x00, 0x00, 0x00, 0x00, 0x00, 0x00, 0x00, 0x00, 0x00, 0x00, 0x00, 
	0x00, 0x00, 0x00, 0x00, 0x00, 0x00, 0x00, 0x00, 0x00, 0x00, 0x00, 0x00, 0x00, 0x00, 0x00, 0x00, 
	0x00, 0x00, 0x00, 0x00, 0x00, 0x00, 0x00, 0xf0, 0x1f, 0x00, 0x00, 0x00, 0x00, 0x00, 0x00, 0x00, 
	0x00, 0x00, 0x00, 0x00, 0x00, 0x00, 0x00, 0x0f, 0xe0, 0x01, 0x00, 0x00, 0x00, 0x00, 0x00, 0x00, 
	0x00, 0x00, 0x00, 0x00, 0x00, 0x00, 0xc0, 0x00, 0x00, 0x06, 0x00, 0x00, 0x00, 0x00, 0x00, 0x00, 
	0x00, 0x00, 0x00, 0x00, 0x00, 0x00, 0x30, 0x00, 0x00, 0x18, 0x00, 0x00, 0x00, 0x00, 0x00, 0x00, 
	0x00, 0x00, 0x00, 0x00, 0x00, 0x00, 0x0c, 0x00, 0x00, 0x60, 0x00, 0x00, 0x00, 0x00, 0x00, 0x00, 
	0x00, 0x00, 0x00, 0x00, 0x00, 0x00, 0x02, 0x00, 0x00, 0x80, 0x00, 0x00, 0x00, 0x00, 0x00, 0x00, 
	0x00, 0x00, 0x00, 0x00, 0x00, 0x00, 0x01, 0x00, 0x00, 0x00, 0x01, 0x00, 0x00, 0x00, 0x00, 0x00, 
	0x00, 0x00, 0x00, 0x00, 0x00, 0x80, 0x00, 0x00, 0x00, 0x00, 0x02, 0x00, 0x00, 0x00, 0x00, 0x00, 
	0x00, 0x00, 0x00, 0x00, 0x00, 0x40, 0x00, 0x00, 0x00, 0x00, 0x04, 0x00, 0x00, 0x00, 0x00, 0x00, 
	0x00, 0x00, 0x00, 0x00, 0x00, 0x20, 0x00, 0x00, 0x00, 0x00, 0x08, 0x00, 0x00, 0x00, 0x00, 0x00, 
	0x00, 0x00, 0x00, 0x00, 0x00, 0x10, 0x00, 0x00, 0x00, 0x00, 0x10, 0x00, 0x00, 0x00, 0x00, 0x00, 
	0x00, 0x00, 0x00, 0x00, 0x00, 0x08, 0x00, 0x00, 0x00, 0x00, 0x20, 0x00, 0x00, 0x00, 0x00, 0x00, 
	0x00, 0x00, 0x00, 0x00, 0x00, 0x08, 0x00, 0x00, 0x00, 0x00, 0x20, 0x00, 0x00, 0x00, 0x00, 0x00, 
	0x00, 0x00, 0x00, 0x00, 0x00, 0x04, 0x00, 0x00, 0x00, 0x00, 0x40, 0x00, 0x00, 0x00, 0x00, 0x00, 
	0x00, 0x00, 0x00, 0x00, 0x00, 0x04, 0x00, 0x00, 0x00, 0x0e, 0x40, 0x00, 0x00, 0x00, 0x00, 0x00, 
	0x00, 0x00, 0x00, 0x00, 0x00, 0x02, 0x00, 0x00, 0xc0, 0x0f, 0x80, 0x00, 0x00, 0x00, 0x00, 0x00, 
	0x00, 0x00, 0x00, 0x00, 0x00, 0x02, 0x00, 0x00, 0x80, 0x07, 0x80, 0x00, 0x00, 0x00, 0x00, 0x00, 
	0x00, 0x00, 0x00, 0x00, 0x00, 0x01, 0x00, 0x00, 0x00, 0x07, 0x00, 0x01, 0x00, 0x00, 0x00, 0x00, 
	0x00, 0x00, 0x00, 0x00, 0x00, 0x01, 0x00, 0x00, 0x80, 0x06, 0x00, 0x01, 0x00, 0x00, 0x00, 0x00, 
	0x00, 0x00, 0x00, 0x00, 0x00, 0x01, 0x00, 0x00, 0x40, 0x02, 0x00, 0x01, 0x00, 0x00, 0x00, 0x00, 
	0x00, 0x00, 0x00, 0x00, 0x00, 0x01, 0x00, 0x00, 0x20, 0x00, 0x00, 0x01, 0x00, 0x00, 0x00, 0x00, 
	0x00, 0x00, 0x00, 0x00, 0x80, 0x00, 0x00, 0x00, 0x10, 0x00, 0x00, 0x02, 0x00, 0x00, 0x00, 0x00, 
	0x00, 0x00, 0x00, 0x00, 0x80, 0x00, 0x00, 0x00, 0x08, 0x00, 0x00, 0x02, 0x00, 0x00, 0x00, 0x00, 
	0x00, 0x00, 0x00, 0x00, 0x80, 0x00, 0x00, 0x00, 0x00, 0x00, 0x00, 0x02, 0x00, 0x00, 0x00, 0x00, 
	0x00, 0x00, 0x00, 0x00, 0x80, 0x00, 0x00, 0x00, 0x00, 0x00, 0x00, 0x02, 0x00, 0x00, 0x00, 0x00, 
	0x00, 0x00, 0x00, 0x00, 0x80, 0x00, 0x00, 0x00, 0x00, 0x00, 0x00, 0x02, 0x00, 0x00, 0x00, 0x00, 
	0x00, 0x00, 0x00, 0x00, 0x80, 0x00, 0x00, 0x00, 0x00, 0x00, 0x00, 0x02, 0x00, 0x00, 0x00, 0x00, 
	0x00, 0x00, 0x00, 0x00, 0x80, 0x00, 0x00, 0x00, 0x00, 0x00, 0x00, 0x02, 0x00, 0x00, 0x00, 0x00, 
	0x00, 0x00, 0x00, 0x00, 0x80, 0x00, 0x00, 0x00, 0x00, 0x00, 0x00, 0x02, 0x00, 0x00, 0x00, 0x00, 
	0x00, 0x00, 0x00, 0x00, 0x80, 0x00, 0x00, 0x00, 0x00, 0x00, 0x00, 0x02, 0x00, 0x00, 0x00, 0x00, 
	0x00, 0x00, 0x00, 0x00, 0x00, 0x01, 0x00, 0x00, 0x01, 0x00, 0x00, 0x01, 0x00, 0x00, 0x00, 0x00, 
	0x00, 0x00, 0x00, 0x00, 0x00, 0x01, 0x00, 0x00, 0x01, 0x00, 0x00, 0x01, 0x00, 0x00, 0x00, 0x00, 
	0x00, 0x00, 0x00, 0x00, 0x00, 0x01, 0x00, 0x00, 0x01, 0x00, 0x00, 0x01, 0x00, 0x00, 0x00, 0x00, 
	0x00, 0x00, 0x00, 0x00, 0x00, 0x01, 0x00, 0x00, 0x01, 0x00, 0x00, 0x01, 0x00, 0x00, 0x00, 0x00, 
	0x00, 0x00, 0x00, 0x00, 0x00, 0x02, 0x00, 0x00, 0x01, 0x00, 0x80, 0x00, 0x00, 0x00, 0x00, 0x00, 
	0x00, 0x00, 0x00, 0x00, 0x00, 0x02, 0x00, 0x00, 0x01, 0x00, 0x80, 0x00, 0x00, 0x00, 0x00, 0x00, 
	0x00, 0x00, 0x00, 0x00, 0x00, 0x04, 0x00, 0x00, 0x01, 0x00, 0x40, 0x00, 0x00, 0x00, 0x00, 0x00, 
	0x00, 0x00, 0x00, 0x00, 0x00, 0x04, 0x00, 0x00, 0x01, 0x00, 0x40, 0x00, 0x00, 0x00, 0x00, 0x00, 
	0x00, 0x00, 0x00, 0x00, 0x00, 0x08, 0x00, 0x00, 0x01, 0x00, 0x20, 0x00, 0x00, 0x00, 0x00, 0x00, 
	0x00, 0x00, 0x00, 0x00, 0x00, 0x08, 0x00, 0x60, 0x0d, 0x00, 0x20, 0x00, 0x00, 0x00, 0x00, 0x00, 
	0x00, 0x00, 0x00, 0x00, 0x00, 0x10, 0x00, 0xc0, 0x07, 0x00, 0x10, 0x00, 0x00, 0x00, 0x00, 0x00, 
	0x00, 0x00, 0x00, 0x00, 0x00, 0x20, 0x00, 0x80, 0x03, 0x00, 0x08, 0x00, 0x00, 0x00, 0x00, 0x00, 
	0x00, 0x00, 0x00, 0x00, 0x00, 0x40, 0x00, 0x00, 0x01, 0x00, 0x04, 0x00, 0x00, 0x00, 0x00, 0x00, 
	0x00, 0x00, 0x00, 0x00, 0x00, 0x80, 0x00, 0x00, 0x00, 0x00, 0x02, 0x00, 0x00, 0x00, 0x00, 0x00, 
	0x00, 0x00, 0x00, 0x00, 0x00, 0x00, 0x01, 0x00, 0x00, 0x00, 0x01, 0x00, 0x00, 0x00, 0x00, 0x00, 
	0x00, 0x00, 0x00, 0x00, 0x00, 0x00, 0x02, 0x00, 0x00, 0x80, 0x00, 0x00, 0x00, 0x00, 0x00, 0x00, 
	0x00, 0x00, 0x00, 0x00, 0x00, 0x00, 0x0c, 0x00, 0x00, 0x60, 0x00, 0x00, 0x00, 0x00, 0x00, 0x00, 
	0x00, 0x00, 0x00, 0x00, 0x00, 0x00, 0x30, 0x00, 0x00, 0x18, 0x00, 0x00, 0x00, 0x00, 0x00, 0x00, 
	0x00, 0x00, 0x00, 0x00, 0x00, 0x00, 0xc0, 0x00, 0x00, 0x06, 0x00, 0x00, 0x00, 0x00, 0x00, 0x00, 
	0x00, 0x00, 0x00, 0x00, 0x00, 0x00, 0x00, 0x0f, 0xe0, 0x01, 0x00, 0x00, 0x00, 0x00, 0x00, 0x00, 
	0x00, 0x00, 0x00, 0x00, 0x00, 0x00, 0x00, 0xf0, 0x1f, 0x00, 0x00, 0x00, 0x00, 0x00, 0x00, 0x00, 
	0x00, 0x00, 0x00, 0x00, 0x00, 0x00, 0x00, 0x00, 0x00, 0x00, 0x00, 0x00, 0x00, 0x00, 0x00, 0x00, 
	0x00, 0x00, 0x00, 0x00, 0x00, 0x00, 0x00, 0x00, 0x00, 0x00, 0x00, 0x00, 0x00, 0x00, 0x00, 0x00, 
	0x00, 0x00, 0x00, 0x00, 0x00, 0x00, 0x00, 0x00, 0x00, 0x00, 0x00, 0x00, 0x00, 0x00, 0x00, 0x00, 
	0x00, 0x00, 0x00, 0x00, 0x00, 0x00, 0x00, 0x00, 0x00, 0x00, 0x00, 0x00, 0x00, 0x00, 0x00, 0x00, 
	0x00, 0x00, 0x00, 0x00, 0x00, 0x00, 0x00, 0x00, 0x00, 0x00, 0x00, 0x00, 0x00, 0x00, 0x00, 0x00, 
	0x00, 0x00, 0x00, 0x00, 0x00, 0x00, 0x00, 0x00, 0x00, 0x00, 0x00, 0x00, 0x00, 0x00, 0x00, 0x00
};
// 'clk4', 128x64px
const unsigned char cclk4 []  = {
	0x00, 0x00, 0x00, 0x00, 0x00, 0x00, 0x00, 0x00, 0x00, 0x00, 0x00, 0x00, 0x00, 0x00, 0x00, 0x00, 
	0x00, 0x00, 0x00, 0x00, 0x00, 0x00, 0x00, 0x00, 0x00, 0x00, 0x00, 0x00, 0x00, 0x00, 0x00, 0x00, 
	0x00, 0x00, 0x00, 0x00, 0x00, 0x00, 0x00, 0x00, 0x00, 0x00, 0x00, 0x00, 0x00, 0x00, 0x00, 0x00, 
	0x00, 0x00, 0x00, 0x00, 0x00, 0x00, 0x00, 0x00, 0x00, 0x00, 0x00, 0x00, 0x00, 0x00, 0x00, 0x00, 
	0x00, 0x00, 0x00, 0x00, 0x00, 0x00, 0x00, 0x00, 0x00, 0x00, 0x00, 0x00, 0x00, 0x00, 0x00, 0x00, 
	0x00, 0x00, 0x00, 0x00, 0x00, 0x00, 0x00, 0x00, 0x00, 0x00, 0x00, 0x00, 0x00, 0x00, 0x00, 0x00, 
	0x00, 0x00, 0x00, 0x00, 0x00, 0x00, 0x00, 0x00, 0x00, 0x00, 0x00, 0x00, 0x00, 0x00, 0x00, 0x00, 
	0x00, 0x00, 0x00, 0x00, 0x00, 0x00, 0x00, 0xf0, 0x1f, 0x00, 0x00, 0x00, 0x00, 0x00, 0x00, 0x00, 
	0x00, 0x00, 0x00, 0x00, 0x00, 0x00, 0x00, 0x0f, 0xe0, 0x01, 0x00, 0x00, 0x00, 0x00, 0x00, 0x00, 
	0x00, 0x00, 0x00, 0x00, 0x00, 0x00, 0xc0, 0x00, 0x02, 0x06, 0x00, 0x00, 0x00, 0x00, 0x00, 0x00, 
	0x00, 0x00, 0x00, 0x00, 0x00, 0x00, 0x30, 0x00, 0x03, 0x18, 0x00, 0x00, 0x00, 0x00, 0x00, 0x00, 
	0x00, 0x00, 0x00, 0x00, 0x00, 0x00, 0x0c, 0x80, 0x07, 0x60, 0x00, 0x00, 0x00, 0x00, 0x00, 0x00, 
	0x00, 0x00, 0x00, 0x00, 0x00, 0x00, 0x02, 0x80, 0x07, 0x80, 0x00, 0x00, 0x00, 0x00, 0x00, 0x00, 
	0x00, 0x00, 0x00, 0x00, 0x00, 0x00, 0x01, 0x02, 0x07, 0x00, 0x01, 0x00, 0x00, 0x00, 0x00, 0x00, 
	0x00, 0x00, 0x00, 0x00, 0x00, 0x80, 0x00, 0x00, 0x03, 0x01, 0x02, 0x00, 0x00, 0x00, 0x00, 0x00, 
	0x00, 0x00, 0x00, 0x00, 0x00, 0x40, 0x00, 0x00, 0x00, 0x00, 0x04, 0x00, 0x00, 0x00, 0x00, 0x00, 
	0x00, 0x00, 0x00, 0x00, 0x00, 0x20, 0x10, 0x00, 0x00, 0x00, 0x08, 0x00, 0x00, 0x00, 0x00, 0x00, 
	0x00, 0x00, 0x00, 0x00, 0x00, 0x10, 0x18, 0x00, 0x00, 0xe0, 0x10, 0x00, 0x00, 0x00, 0x00, 0x00, 
	0x00, 0x00, 0x00, 0x00, 0x00, 0x08, 0x10, 0x00, 0x00, 0x40, 0x20, 0x00, 0x00, 0x00, 0x00, 0x00, 
	0x00, 0x00, 0x00, 0x00, 0x00, 0x08, 0x00, 0x00, 0x00, 0x00, 0x20, 0x00, 0x00, 0x00, 0x00, 0x00, 
	0x00, 0x00, 0x00, 0x00, 0x00, 0x04, 0x00, 0x00, 0x00, 0x00, 0x40, 0x00, 0x00, 0x00, 0x00, 0x00, 
	0x00, 0x00, 0x00, 0x00, 0x00, 0x04, 0x00, 0x00, 0x00, 0x0e, 0x40, 0x00, 0x00, 0x00, 0x00, 0x00, 
	0x00, 0x00, 0x00, 0x00, 0x00, 0x02, 0x00, 0x00, 0xc0, 0x0f, 0x80, 0x00, 0x00, 0x00, 0x00, 0x00, 
	0x00, 0x00, 0x00, 0x00, 0x00, 0x42, 0x00, 0x00, 0x80, 0x07, 0x80, 0x00, 0x00, 0x00, 0x00, 0x00, 
	0x00, 0x00, 0x00, 0x00, 0x00, 0x01, 0x00, 0x00, 0x00, 0x07, 0x04, 0x01, 0x00, 0x00, 0x00, 0x00, 
	0x00, 0x00, 0x00, 0x00, 0x00, 0x01, 0x00, 0x00, 0x80, 0x06, 0x00, 0x01, 0x00, 0x00, 0x00, 0x00, 
	0x00, 0x00, 0x00, 0x00, 0x00, 0x01, 0x00, 0x00, 0x40, 0x02, 0x00, 0x01, 0x00, 0x00, 0x00, 0x00, 
	0x00, 0x00, 0x00, 0x00, 0x00, 0x01, 0x00, 0x00, 0x20, 0x00, 0x00, 0x01, 0x00, 0x00, 0x00, 0x00, 
	0x00, 0x00, 0x00, 0x00, 0x80, 0x00, 0x00, 0x00, 0x10, 0x00, 0x00, 0x02, 0x00, 0x00, 0x00, 0x00, 
	0x00, 0x00, 0x00, 0x00, 0x80, 0x00, 0x00, 0x00, 0x08, 0x00, 0x00, 0x02, 0x00, 0x00, 0x00, 0x00, 
	0x00, 0x00, 0x00, 0x00, 0x80, 0x00, 0x00, 0x00, 0x00, 0x00, 0x00, 0x02, 0x00, 0x00, 0x00, 0x00, 
	0x00, 0x00, 0x00, 0x00, 0x80, 0x30, 0x00, 0x00, 0x01, 0x00, 0x20, 0x02, 0x00, 0x00, 0x00, 0x00, 
	0x00, 0x00, 0x00, 0x00, 0x80, 0x78, 0x00, 0x80, 0x03, 0x00, 0x30, 0x02, 0x00, 0x00, 0x00, 0x00, 
	0x00, 0x00, 0x00, 0x00, 0x80, 0x78, 0x00, 0x80, 0x03, 0x00, 0x78, 0x02, 0x00, 0x00, 0x00, 0x00, 
	0x00, 0x00, 0x00, 0x00, 0x80, 0x78, 0x00, 0x00, 0x01, 0x00, 0x38, 0x02, 0x00, 0x00, 0x00, 0x00, 
	0x00, 0x00, 0x00, 0x00, 0x80, 0x20, 0x00, 0x00, 0x00, 0x00, 0x10, 0x02, 0x00, 0x00, 0x00, 0x00, 
	0x00, 0x00, 0x00, 0x00, 0x80, 0x00, 0x00, 0x00, 0x00, 0x00, 0x00, 0x02, 0x00, 0x00, 0x00, 0x00, 
	0x00, 0x00, 0x00, 0x00, 0x00, 0x01, 0x00, 0x00, 0x01, 0x00, 0x00, 0x01, 0x00, 0x00, 0x00, 0x00, 
	0x00, 0x00, 0x00, 0x00, 0x00, 0x01, 0x00, 0x00, 0x01, 0x00, 0x00, 0x01, 0x00, 0x00, 0x00, 0x00, 
	0x00, 0x00, 0x00, 0x00, 0x00, 0x01, 0x00, 0x00, 0x01, 0x00, 0x00, 0x01, 0x00, 0x00, 0x00, 0x00, 
	0x00, 0x00, 0x00, 0x00, 0x00, 0x01, 0x00, 0x00, 0x01, 0x00, 0x00, 0x01, 0x00, 0x00, 0x00, 0x00, 
	0x00, 0x00, 0x00, 0x00, 0x00, 0x42, 0x00, 0x00, 0x01, 0x00, 0x80, 0x00, 0x00, 0x00, 0x00, 0x00, 
	0x00, 0x00, 0x00, 0x00, 0x00, 0x02, 0x00, 0x00, 0x01, 0x00, 0x84, 0x00, 0x00, 0x00, 0x00, 0x00, 
	0x00, 0x00, 0x00, 0x00, 0x00, 0x04, 0x00, 0x00, 0x01, 0x00, 0x40, 0x00, 0x00, 0x00, 0x00, 0x00, 
	0x00, 0x00, 0x00, 0x00, 0x00, 0x04, 0x00, 0x00, 0x01, 0x00, 0x40, 0x00, 0x00, 0x00, 0x00, 0x00, 
	0x00, 0x00, 0x00, 0x00, 0x00, 0x08, 0x00, 0x00, 0x01, 0x00, 0x20, 0x00, 0x00, 0x00, 0x00, 0x00, 
	0x00, 0x00, 0x00, 0x00, 0x00, 0x08, 0x06, 0x60, 0x0d, 0x00, 0x20, 0x00, 0x00, 0x00, 0x00, 0x00, 
	0x00, 0x00, 0x00, 0x00, 0x00, 0x10, 0x0c, 0xc0, 0x07, 0x20, 0x10, 0x00, 0x00, 0x00, 0x00, 0x00, 
	0x00, 0x00, 0x00, 0x00, 0x00, 0x20, 0x00, 0x80, 0x03, 0x30, 0x08, 0x00, 0x00, 0x00, 0x00, 0x00, 
	0x00, 0x00, 0x00, 0x00, 0x00, 0x40, 0x00, 0x00, 0x01, 0x00, 0x04, 0x00, 0x00, 0x00, 0x00, 0x00, 
	0x00, 0x00, 0x00, 0x00, 0x00, 0x80, 0x00, 0x00, 0x00, 0x00, 0x02, 0x00, 0x00, 0x00, 0x00, 0x00, 
	0x00, 0x00, 0x00, 0x00, 0x00, 0x00, 0x81, 0x00, 0x03, 0x00, 0x01, 0x00, 0x00, 0x00, 0x00, 0x00, 
	0x00, 0x00, 0x00, 0x00, 0x00, 0x00, 0x02, 0x80, 0x83, 0x80, 0x00, 0x00, 0x00, 0x00, 0x00, 0x00, 
	0x00, 0x00, 0x00, 0x00, 0x00, 0x00, 0x0c, 0xc0, 0x03, 0x60, 0x00, 0x00, 0x00, 0x00, 0x00, 0x00, 
	0x00, 0x00, 0x00, 0x00, 0x00, 0x00, 0x30, 0x80, 0x01, 0x18, 0x00, 0x00, 0x00, 0x00, 0x00, 0x00, 
	0x00, 0x00, 0x00, 0x00, 0x00, 0x00, 0xc0, 0x00, 0x00, 0x06, 0x00, 0x00, 0x00, 0x00, 0x00, 0x00, 
	0x00, 0x00, 0x00, 0x00, 0x00, 0x00, 0x00, 0x0f, 0xe0, 0x01, 0x00, 0x00, 0x00, 0x00, 0x00, 0x00, 
	0x00, 0x00, 0x00, 0x00, 0x00, 0x00, 0x00, 0xf0, 0x1f, 0x00, 0x00, 0x00, 0x00, 0x00, 0x00, 0x00, 
	0x00, 0x00, 0x00, 0x00, 0x00, 0x00, 0x00, 0x00, 0x00, 0x00, 0x00, 0x00, 0x00, 0x00, 0x00, 0x00, 
	0x00, 0x00, 0x00, 0x00, 0x00, 0x00, 0x00, 0x00, 0x00, 0x00, 0x00, 0x00, 0x00, 0x00, 0x00, 0x00, 
	0x00, 0x00, 0x00, 0x00, 0x00, 0x00, 0x00, 0x00, 0x00, 0x00, 0x00, 0x00, 0x00, 0x00, 0x00, 0x00, 
	0x00, 0x00, 0x00, 0x00, 0x00, 0x00, 0x00, 0x00, 0x00, 0x00, 0x00, 0x00, 0x00, 0x00, 0x00, 0x00, 
	0x00, 0x00, 0x00, 0x00, 0x00, 0x00, 0x00, 0x00, 0x00, 0x00, 0x00, 0x00, 0x00, 0x00, 0x00, 0x00, 
	0x00, 0x00, 0x00, 0x00, 0x00, 0x00, 0x00, 0x00, 0x00, 0x00, 0x00, 0x00, 0x00, 0x00, 0x00, 0x00
};
// 'clk5', 128x64px
const unsigned char cclk5 []  = {
	0x00, 0x00, 0x00, 0x00, 0x00, 0x00, 0x00, 0x00, 0x00, 0x00, 0x00, 0x00, 0x00, 0x00, 0x00, 0x00, 
	0x00, 0x00, 0x00, 0x00, 0x00, 0x00, 0x00, 0x00, 0x00, 0x00, 0x00, 0x00, 0x00, 0x00, 0x00, 0x00, 
	0x00, 0x00, 0x00, 0x00, 0x00, 0x00, 0x00, 0x00, 0x00, 0x00, 0x00, 0x00, 0x00, 0x00, 0x00, 0x00, 
	0x00, 0x00, 0x00, 0x00, 0x00, 0x00, 0x00, 0x00, 0x00, 0x00, 0x00, 0x00, 0x00, 0x00, 0x00, 0x00, 
	0x00, 0x00, 0x00, 0x00, 0x00, 0x00, 0x00, 0x00, 0x00, 0x00, 0x00, 0x00, 0x00, 0x00, 0x00, 0x00, 
	0x00, 0x00, 0x00, 0x00, 0x00, 0x00, 0x00, 0x00, 0x00, 0x00, 0x00, 0x00, 0x00, 0x00, 0x00, 0x00, 
	0x00, 0x00, 0x00, 0x00, 0x00, 0x00, 0x00, 0x00, 0x00, 0x00, 0x00, 0x00, 0x00, 0x00, 0x00, 0x00, 
	0x00, 0x00, 0x00, 0x00, 0x00, 0x00, 0x00, 0xf0, 0x1f, 0x00, 0x00, 0x00, 0x00, 0x00, 0x00, 0x00, 
	0x00, 0x00, 0x00, 0x00, 0x00, 0x00, 0x00, 0x0f, 0xe0, 0x01, 0x00, 0x00, 0x00, 0x00, 0x00, 0x00, 
	0x00, 0x00, 0x00, 0x00, 0x00, 0x00, 0xc0, 0x00, 0x02, 0x06, 0x00, 0x00, 0x00, 0x00, 0x00, 0x00, 
	0x00, 0x00, 0x00, 0x00, 0x00, 0x00, 0x30, 0x00, 0x03, 0x18, 0x00, 0x00, 0x00, 0x00, 0x00, 0x00, 
	0x00, 0x00, 0x00, 0x00, 0x00, 0x00, 0x0c, 0x80, 0x07, 0x60, 0x00, 0x00, 0x00, 0x00, 0x00, 0x00, 
	0x00, 0x00, 0x00, 0x00, 0x00, 0x00, 0x02, 0x80, 0x07, 0x80, 0x00, 0x00, 0x00, 0x00, 0x00, 0x00, 
	0x00, 0x00, 0x00, 0x00, 0x00, 0x00, 0x01, 0x02, 0x07, 0x00, 0x01, 0x00, 0x00, 0x00, 0x00, 0x00, 
	0x00, 0x00, 0x00, 0x00, 0x00, 0x80, 0x00, 0x00, 0x03, 0x01, 0x02, 0x00, 0x00, 0x00, 0x00, 0x00, 
	0x00, 0x00, 0x00, 0x00, 0x00, 0x40, 0x00, 0x00, 0x00, 0x00, 0x04, 0x00, 0x00, 0x00, 0x00, 0x00, 
	0x00, 0x00, 0x00, 0x00, 0x00, 0x20, 0x10, 0x00, 0x00, 0x00, 0x08, 0x00, 0x00, 0x00, 0x00, 0x00, 
	0x00, 0x00, 0x00, 0x00, 0x00, 0x10, 0x18, 0x00, 0x00, 0xe0, 0x10, 0x00, 0x00, 0x00, 0x00, 0x00, 
	0x00, 0x00, 0x00, 0x00, 0x00, 0x08, 0x10, 0x00, 0x00, 0x40, 0x20, 0x00, 0x00, 0x00, 0x00, 0x00, 
	0x00, 0x00, 0x00, 0x00, 0x00, 0x08, 0x00, 0x00, 0x00, 0x00, 0x20, 0x00, 0x00, 0x00, 0x00, 0x00, 
	0x00, 0x00, 0x00, 0x00, 0x00, 0x04, 0x00, 0x00, 0x00, 0x00, 0x40, 0x00, 0x00, 0x00, 0x00, 0x00, 
	0x00, 0x00, 0x00, 0x00, 0x00, 0x04, 0x00, 0x00, 0x00, 0x00, 0x40, 0x00, 0x00, 0x00, 0x00, 0x00, 
	0x00, 0x00, 0x00, 0x00, 0x00, 0x02, 0x00, 0x00, 0x00, 0x00, 0x80, 0x00, 0x00, 0x00, 0x00, 0x00, 
	0x00, 0x00, 0x00, 0x00, 0x00, 0x42, 0x00, 0x00, 0x00, 0x1f, 0x80, 0x00, 0x00, 0x00, 0x00, 0x00, 
	0x00, 0x00, 0x00, 0x00, 0x00, 0x01, 0x00, 0x00, 0x80, 0x1f, 0x04, 0x01, 0x00, 0x00, 0x00, 0x00, 
	0x00, 0x00, 0x00, 0x00, 0x00, 0x01, 0x00, 0x00, 0x00, 0x1c, 0x00, 0x01, 0x00, 0x00, 0x00, 0x00, 
	0x00, 0x00, 0x00, 0x00, 0x00, 0x01, 0x00, 0x00, 0x00, 0x1b, 0x00, 0x01, 0x00, 0x00, 0x00, 0x00, 
	0x00, 0x00, 0x00, 0x00, 0x00, 0x01, 0x00, 0x00, 0x80, 0x19, 0x00, 0x01, 0x00, 0x00, 0x00, 0x00, 
	0x00, 0x00, 0x00, 0x00, 0x80, 0x00, 0x00, 0x00, 0x40, 0x10, 0x00, 0x02, 0x00, 0x00, 0x00, 0x00, 
	0x00, 0x00, 0x00, 0x00, 0x80, 0x00, 0x00, 0x00, 0x20, 0x00, 0x00, 0x02, 0x00, 0x00, 0x00, 0x00, 
	0x00, 0x00, 0x00, 0x00, 0x80, 0x00, 0x00, 0x00, 0x10, 0x00, 0x00, 0x02, 0x00, 0x00, 0x00, 0x00, 
	0x00, 0x00, 0x00, 0x00, 0x80, 0x30, 0x00, 0x00, 0x01, 0x00, 0x20, 0x02, 0x00, 0x00, 0x00, 0x00, 
	0x00, 0x00, 0x00, 0x00, 0x80, 0x78, 0x00, 0x80, 0x03, 0x00, 0x30, 0x02, 0x00, 0x00, 0x00, 0x00, 
	0x00, 0x00, 0x00, 0x00, 0x80, 0x78, 0x00, 0x80, 0x03, 0x00, 0x78, 0x02, 0x00, 0x00, 0x00, 0x00, 
	0x00, 0x00, 0x00, 0x00, 0x80, 0x78, 0x00, 0x00, 0x01, 0x00, 0x38, 0x02, 0x00, 0x00, 0x00, 0x00, 
	0x00, 0x00, 0x00, 0x00, 0x80, 0x20, 0x00, 0x00, 0x00, 0x00, 0x10, 0x02, 0x00, 0x00, 0x00, 0x00, 
	0x00, 0x00, 0x00, 0x00, 0x80, 0x00, 0x00, 0x00, 0x00, 0x00, 0x00, 0x02, 0x00, 0x00, 0x00, 0x00, 
	0x00, 0x00, 0x00, 0x00, 0x00, 0x01, 0x00, 0x40, 0x00, 0x00, 0x00, 0x01, 0x00, 0x00, 0x00, 0x00, 
	0x00, 0x00, 0x00, 0x00, 0x00, 0x01, 0x00, 0x20, 0x00, 0x00, 0x00, 0x01, 0x00, 0x00, 0x00, 0x00, 
	0x00, 0x00, 0x00, 0x00, 0x00, 0x01, 0x00, 0x10, 0x00, 0x00, 0x00, 0x01, 0x00, 0x00, 0x00, 0x00, 
	0x00, 0x00, 0x00, 0x00, 0x00, 0x01, 0x00, 0x08, 0x00, 0x00, 0x00, 0x01, 0x00, 0x00, 0x00, 0x00, 
	0x00, 0x00, 0x00, 0x00, 0x00, 0x42, 0x00, 0x04, 0x00, 0x00, 0x80, 0x00, 0x00, 0x00, 0x00, 0x00, 
	0x00, 0x00, 0x00, 0x00, 0x00, 0x02, 0x20, 0x02, 0x00, 0x00, 0x84, 0x00, 0x00, 0x00, 0x00, 0x00, 
	0x00, 0x00, 0x00, 0x00, 0x00, 0x04, 0x60, 0x01, 0x00, 0x00, 0x40, 0x00, 0x00, 0x00, 0x00, 0x00, 
	0x00, 0x00, 0x00, 0x00, 0x00, 0x04, 0xe0, 0x00, 0x00, 0x00, 0x40, 0x00, 0x00, 0x00, 0x00, 0x00, 
	0x00, 0x00, 0x00, 0x00, 0x00, 0x08, 0xe0, 0x01, 0x00, 0x00, 0x20, 0x00, 0x00, 0x00, 0x00, 0x00, 
	0x00, 0x00, 0x00, 0x00, 0x00, 0x08, 0xe6, 0x03, 0x00, 0x00, 0x20, 0x00, 0x00, 0x00, 0x00, 0x00, 
	0x00, 0x00, 0x00, 0x00, 0x00, 0x10, 0x0c, 0x00, 0x00, 0x20, 0x10, 0x00, 0x00, 0x00, 0x00, 0x00, 
	0x00, 0x00, 0x00, 0x00, 0x00, 0x20, 0x00, 0x00, 0x00, 0x30, 0x08, 0x00, 0x00, 0x00, 0x00, 0x00, 
	0x00, 0x00, 0x00, 0x00, 0x00, 0x40, 0x00, 0x00, 0x00, 0x00, 0x04, 0x00, 0x00, 0x00, 0x00, 0x00, 
	0x00, 0x00, 0x00, 0x00, 0x00, 0x80, 0x00, 0x00, 0x00, 0x00, 0x02, 0x00, 0x00, 0x00, 0x00, 0x00, 
	0x00, 0x00, 0x00, 0x00, 0x00, 0x00, 0x81, 0x00, 0x03, 0x00, 0x01, 0x00, 0x00, 0x00, 0x00, 0x00, 
	0x00, 0x00, 0x00, 0x00, 0x00, 0x00, 0x02, 0x80, 0x83, 0x80, 0x00, 0x00, 0x00, 0x00, 0x00, 0x00, 
	0x00, 0x00, 0x00, 0x00, 0x00, 0x00, 0x0c, 0xc0, 0x03, 0x60, 0x00, 0x00, 0x00, 0x00, 0x00, 0x00, 
	0x00, 0x00, 0x00, 0x00, 0x00, 0x00, 0x30, 0x80, 0x01, 0x18, 0x00, 0x00, 0x00, 0x00, 0x00, 0x00, 
	0x00, 0x00, 0x00, 0x00, 0x00, 0x00, 0xc0, 0x00, 0x00, 0x06, 0x00, 0x00, 0x00, 0x00, 0x00, 0x00, 
	0x00, 0x00, 0x00, 0x00, 0x00, 0x00, 0x00, 0x0f, 0xe0, 0x01, 0x00, 0x00, 0x00, 0x00, 0x00, 0x00, 
	0x00, 0x00, 0x00, 0x00, 0x00, 0x00, 0x00, 0xf0, 0x1f, 0x00, 0x00, 0x00, 0x00, 0x00, 0x00, 0x00, 
	0x00, 0x00, 0x00, 0x00, 0x00, 0x00, 0x00, 0x00, 0x00, 0x00, 0x00, 0x00, 0x00, 0x00, 0x00, 0x00, 
	0x00, 0x00, 0x00, 0x00, 0x00, 0x00, 0x00, 0x00, 0x00, 0x00, 0x00, 0x00, 0x00, 0x00, 0x00, 0x00, 
	0x00, 0x00, 0x00, 0x00, 0x00, 0x00, 0x00, 0x00, 0x00, 0x00, 0x00, 0x00, 0x00, 0x00, 0x00, 0x00, 
	0x00, 0x00, 0x00, 0x00, 0x00, 0x00, 0x00, 0x00, 0x00, 0x00, 0x00, 0x00, 0x00, 0x00, 0x00, 0x00, 
	0x00, 0x00, 0x00, 0x00, 0x00, 0x00, 0x00, 0x00, 0x00, 0x00, 0x00, 0x00, 0x00, 0x00, 0x00, 0x00, 
	0x00, 0x00, 0x00, 0x00, 0x00, 0x00, 0x00, 0x00, 0x00, 0x00, 0x00, 0x00, 0x00, 0x00, 0x00, 0x00
};
// 'clk6', 128x64px
const unsigned char cclk6 []  = {
	0x00, 0x00, 0x00, 0x00, 0x00, 0x00, 0x00, 0x00, 0x00, 0x00, 0x00, 0x00, 0x00, 0x00, 0x00, 0x00, 
	0x00, 0x00, 0x00, 0x00, 0x00, 0x00, 0x00, 0x00, 0x00, 0x00, 0x00, 0x00, 0x00, 0x00, 0x00, 0x00, 
	0x00, 0x00, 0x00, 0x00, 0x00, 0x00, 0x00, 0x00, 0x00, 0x00, 0x00, 0x00, 0x00, 0x00, 0x00, 0x00, 
	0x00, 0x00, 0x00, 0x00, 0x00, 0x00, 0x00, 0x00, 0x00, 0x00, 0x00, 0x00, 0x00, 0x00, 0x00, 0x00, 
	0x00, 0x00, 0x00, 0x00, 0x00, 0x00, 0x00, 0x00, 0x00, 0x00, 0x00, 0x00, 0x00, 0x00, 0x00, 0x00, 
	0x00, 0x00, 0x00, 0x00, 0x00, 0x00, 0x00, 0x00, 0x00, 0x00, 0x00, 0x00, 0x00, 0x00, 0x00, 0x00, 
	0x00, 0x00, 0x00, 0x00, 0x00, 0x00, 0x00, 0x00, 0x00, 0x00, 0x00, 0x00, 0x00, 0x00, 0x00, 0x00, 
	0x00, 0x00, 0x00, 0x00, 0x00, 0x00, 0x00, 0xf0, 0x1f, 0x00, 0x00, 0x00, 0x00, 0x00, 0x00, 0x00, 
	0x00, 0x00, 0x00, 0x00, 0x00, 0x00, 0x00, 0x0f, 0xe0, 0x01, 0x00, 0x00, 0x00, 0x00, 0x00, 0x00, 
	0x00, 0x00, 0x00, 0x00, 0x00, 0x00, 0xc0, 0x00, 0x02, 0x06, 0x00, 0x00, 0x00, 0x00, 0x00, 0x00, 
	0x00, 0x00, 0x00, 0x00, 0x00, 0x00, 0x30, 0x00, 0x03, 0x18, 0x00, 0x00, 0x00, 0x00, 0x00, 0x00, 
	0x00, 0x00, 0x00, 0x00, 0x00, 0x00, 0x0c, 0x80, 0x07, 0x60, 0x00, 0x00, 0x00, 0x00, 0x00, 0x00, 
	0x00, 0x00, 0x00, 0x00, 0x00, 0x00, 0x02, 0x80, 0x07, 0x80, 0x00, 0x00, 0x00, 0x00, 0x00, 0x00, 
	0x00, 0x00, 0x00, 0x00, 0x00, 0x00, 0x01, 0x02, 0x07, 0x00, 0x01, 0x00, 0x00, 0x00, 0x00, 0x00, 
	0x00, 0x00, 0x00, 0x00, 0x00, 0x80, 0x00, 0x00, 0x03, 0x01, 0x02, 0x00, 0x00, 0x00, 0x00, 0x00, 
	0x00, 0x00, 0x00, 0x00, 0x00, 0x40, 0x00, 0x00, 0x00, 0x00, 0x04, 0x00, 0x00, 0x00, 0x00, 0x00, 
	0x00, 0x00, 0x00, 0x00, 0x00, 0x20, 0x10, 0x00, 0x00, 0x00, 0x08, 0x00, 0x00, 0x00, 0x00, 0x00, 
	0x00, 0x00, 0x00, 0x00, 0x00, 0x10, 0x18, 0x00, 0x00, 0xe0, 0x10, 0x00, 0x00, 0x00, 0x00, 0x00, 
	0x00, 0x00, 0x00, 0x00, 0x00, 0x08, 0x10, 0x00, 0x00, 0x40, 0x20, 0x00, 0x00, 0x00, 0x00, 0x00, 
	0x00, 0x00, 0x00, 0x00, 0x00, 0x08, 0x00, 0x00, 0x00, 0x00, 0x20, 0x00, 0x00, 0x00, 0x00, 0x00, 
	0x00, 0x00, 0x00, 0x00, 0x00, 0x04, 0x00, 0x00, 0x00, 0x00, 0x40, 0x00, 0x00, 0x00, 0x00, 0x00, 
	0x00, 0x00, 0x00, 0x00, 0x00, 0x04, 0x00, 0x00, 0x00, 0x00, 0x40, 0x00, 0x00, 0x00, 0x00, 0x00, 
	0x00, 0x00, 0x00, 0x00, 0x00, 0x02, 0x00, 0x00, 0x00, 0x00, 0x80, 0x00, 0x00, 0x00, 0x00, 0x00, 
	0x00, 0x00, 0x00, 0x00, 0x00, 0x42, 0x00, 0x00, 0x00, 0x00, 0x80, 0x00, 0x00, 0x00, 0x00, 0x00, 
	0x00, 0x00, 0x00, 0x00, 0x00, 0x01, 0x00, 0x00, 0x00, 0x3f, 0x04, 0x01, 0x00, 0x00, 0x00, 0x00, 
	0x00, 0x00, 0x00, 0x00, 0x00, 0x01, 0x00, 0x00, 0x00, 0x3e, 0x00, 0x01, 0x00, 0x00, 0x00, 0x00, 
	0x00, 0x00, 0x00, 0x00, 0x00, 0x01, 0x00, 0x00, 0x00, 0x3f, 0x00, 0x01, 0x00, 0x00, 0x00, 0x00, 
	0x00, 0x00, 0x00, 0x00, 0x00, 0x01, 0x00, 0x00, 0x00, 0x3c, 0x00, 0x01, 0x00, 0x00, 0x00, 0x00, 
	0x00, 0x00, 0x00, 0x00, 0x80, 0x00, 0x00, 0x00, 0x00, 0x33, 0x00, 0x02, 0x00, 0x00, 0x00, 0x00, 
	0x00, 0x00, 0x00, 0x00, 0x80, 0x00, 0x00, 0x00, 0x80, 0x21, 0x00, 0x02, 0x00, 0x00, 0x00, 0x00, 
	0x00, 0x00, 0x00, 0x00, 0x80, 0x00, 0x00, 0x00, 0x40, 0x00, 0x00, 0x02, 0x00, 0x00, 0x00, 0x00, 
	0x00, 0x00, 0x00, 0x00, 0x80, 0x30, 0x08, 0x00, 0x31, 0x00, 0x20, 0x02, 0x00, 0x00, 0x00, 0x00, 
	0x00, 0x00, 0x00, 0x00, 0x80, 0x78, 0x0c, 0x80, 0x03, 0x00, 0x30, 0x02, 0x00, 0x00, 0x00, 0x00, 
	0x00, 0x00, 0x00, 0x00, 0x80, 0x78, 0x0e, 0xbe, 0x03, 0x00, 0x78, 0x02, 0x00, 0x00, 0x00, 0x00, 
	0x00, 0x00, 0x00, 0x00, 0x80, 0x78, 0xff, 0x01, 0x01, 0x00, 0x38, 0x02, 0x00, 0x00, 0x00, 0x00, 
	0x00, 0x00, 0x00, 0x00, 0x80, 0x20, 0x0e, 0x00, 0x00, 0x00, 0x10, 0x02, 0x00, 0x00, 0x00, 0x00, 
	0x00, 0x00, 0x00, 0x00, 0x80, 0x00, 0x0c, 0x00, 0x00, 0x00, 0x00, 0x02, 0x00, 0x00, 0x00, 0x00, 
	0x00, 0x00, 0x00, 0x00, 0x00, 0x01, 0x08, 0x00, 0x00, 0x00, 0x00, 0x01, 0x00, 0x00, 0x00, 0x00, 
	0x00, 0x00, 0x00, 0x00, 0x00, 0x01, 0x00, 0x00, 0x00, 0x00, 0x00, 0x01, 0x00, 0x00, 0x00, 0x00, 
	0x00, 0x00, 0x00, 0x00, 0x00, 0x01, 0x00, 0x00, 0x00, 0x00, 0x00, 0x01, 0x00, 0x00, 0x00, 0x00, 
	0x00, 0x00, 0x00, 0x00, 0x00, 0x01, 0x00, 0x00, 0x00, 0x00, 0x00, 0x01, 0x00, 0x00, 0x00, 0x00, 
	0x00, 0x00, 0x00, 0x00, 0x00, 0x42, 0x00, 0x00, 0x00, 0x00, 0x80, 0x00, 0x00, 0x00, 0x00, 0x00, 
	0x00, 0x00, 0x00, 0x00, 0x00, 0x02, 0x00, 0x00, 0x00, 0x00, 0x84, 0x00, 0x00, 0x00, 0x00, 0x00, 
	0x00, 0x00, 0x00, 0x00, 0x00, 0x04, 0x00, 0x00, 0x00, 0x00, 0x40, 0x00, 0x00, 0x00, 0x00, 0x00, 
	0x00, 0x00, 0x00, 0x00, 0x00, 0x04, 0x00, 0x00, 0x00, 0x00, 0x40, 0x00, 0x00, 0x00, 0x00, 0x00, 
	0x00, 0x00, 0x00, 0x00, 0x00, 0x08, 0x00, 0x00, 0x00, 0x00, 0x20, 0x00, 0x00, 0x00, 0x00, 0x00, 
	0x00, 0x00, 0x00, 0x00, 0x00, 0x08, 0x06, 0x00, 0x00, 0x00, 0x20, 0x00, 0x00, 0x00, 0x00, 0x00, 
	0x00, 0x00, 0x00, 0x00, 0x00, 0x10, 0x0c, 0x00, 0x00, 0x20, 0x10, 0x00, 0x00, 0x00, 0x00, 0x00, 
	0x00, 0x00, 0x00, 0x00, 0x00, 0x20, 0x00, 0x00, 0x00, 0x30, 0x08, 0x00, 0x00, 0x00, 0x00, 0x00, 
	0x00, 0x00, 0x00, 0x00, 0x00, 0x40, 0x00, 0x00, 0x00, 0x00, 0x04, 0x00, 0x00, 0x00, 0x00, 0x00, 
	0x00, 0x00, 0x00, 0x00, 0x00, 0x80, 0x00, 0x00, 0x00, 0x00, 0x02, 0x00, 0x00, 0x00, 0x00, 0x00, 
	0x00, 0x00, 0x00, 0x00, 0x00, 0x00, 0x81, 0x00, 0x03, 0x00, 0x01, 0x00, 0x00, 0x00, 0x00, 0x00, 
	0x00, 0x00, 0x00, 0x00, 0x00, 0x00, 0x02, 0x80, 0x83, 0x80, 0x00, 0x00, 0x00, 0x00, 0x00, 0x00, 
	0x00, 0x00, 0x00, 0x00, 0x00, 0x00, 0x0c, 0xc0, 0x03, 0x60, 0x00, 0x00, 0x00, 0x00, 0x00, 0x00, 
	0x00, 0x00, 0x00, 0x00, 0x00, 0x00, 0x30, 0x80, 0x01, 0x18, 0x00, 0x00, 0x00, 0x00, 0x00, 0x00, 
	0x00, 0x00, 0x00, 0x00, 0x00, 0x00, 0xc0, 0x00, 0x00, 0x06, 0x00, 0x00, 0x00, 0x00, 0x00, 0x00, 
	0x00, 0x00, 0x00, 0x00, 0x00, 0x00, 0x00, 0x0f, 0xe0, 0x01, 0x00, 0x00, 0x00, 0x00, 0x00, 0x00, 
	0x00, 0x00, 0x00, 0x00, 0x00, 0x00, 0x00, 0xf0, 0x1f, 0x00, 0x00, 0x00, 0x00, 0x00, 0x00, 0x00, 
	0x00, 0x00, 0x00, 0x00, 0x00, 0x00, 0x00, 0x00, 0x00, 0x00, 0x00, 0x00, 0x00, 0x00, 0x00, 0x00, 
	0x00, 0x00, 0x00, 0x00, 0x00, 0x00, 0x00, 0x00, 0x00, 0x00, 0x00, 0x00, 0x00, 0x00, 0x00, 0x00, 
	0x00, 0x00, 0x00, 0x00, 0x00, 0x00, 0x00, 0x00, 0x00, 0x00, 0x00, 0x00, 0x00, 0x00, 0x00, 0x00, 
	0x00, 0x00, 0x00, 0x00, 0x00, 0x00, 0x00, 0x00, 0x00, 0x00, 0x00, 0x00, 0x00, 0x00, 0x00, 0x00, 
	0x00, 0x00, 0x00, 0x00, 0x00, 0x00, 0x00, 0x00, 0x00, 0x00, 0x00, 0x00, 0x00, 0x00, 0x00, 0x00, 
	0x00, 0x00, 0x00, 0x00, 0x00, 0x00, 0x00, 0x00, 0x00, 0x00, 0x00, 0x00, 0x00, 0x00, 0x00, 0x00
};
// 'clk7', 128x64px
const unsigned char cclk7 []  = {
	0x00, 0x00, 0x00, 0x00, 0x00, 0x00, 0x00, 0x00, 0x00, 0x00, 0x00, 0x00, 0x00, 0x00, 0x00, 0x00, 
	0x00, 0x00, 0x00, 0x00, 0x00, 0x00, 0x00, 0x00, 0x00, 0x00, 0x00, 0x00, 0x00, 0x00, 0x00, 0x00, 
	0x00, 0x00, 0x00, 0x00, 0x00, 0x00, 0x00, 0x00, 0x00, 0x00, 0x00, 0x00, 0x00, 0x00, 0x00, 0x00, 
	0x00, 0x00, 0x00, 0x00, 0x00, 0x00, 0x00, 0x00, 0x00, 0x00, 0x00, 0x00, 0x00, 0x00, 0x00, 0x00, 
	0x00, 0x00, 0x00, 0x00, 0x00, 0x00, 0x00, 0x00, 0x00, 0x00, 0x00, 0x00, 0x00, 0x00, 0x00, 0x00, 
	0x00, 0x00, 0x00, 0x00, 0x00, 0x00, 0x00, 0x00, 0x00, 0x00, 0x00, 0x00, 0x00, 0x00, 0x00, 0x00, 
	0x00, 0x00, 0x00, 0x00, 0x00, 0x00, 0x00, 0x00, 0x00, 0x00, 0x00, 0x00, 0x00, 0x00, 0x00, 0x00, 
	0x00, 0x00, 0x00, 0x00, 0x00, 0x00, 0x00, 0xf0, 0x1f, 0x00, 0x00, 0x00, 0x00, 0x00, 0x00, 0x00, 
	0x00, 0x00, 0x00, 0x00, 0x00, 0x00, 0x00, 0x0f, 0xe0, 0x01, 0x00, 0x00, 0x00, 0x00, 0x00, 0x00, 
	0x00, 0x00, 0x00, 0x00, 0x00, 0x00, 0xc0, 0x00, 0x02, 0x06, 0x00, 0x00, 0x00, 0x00, 0x00, 0x00, 
	0x00, 0x00, 0x00, 0x00, 0x00, 0x00, 0x30, 0x00, 0x03, 0x18, 0x00, 0x00, 0x00, 0x00, 0x00, 0x00, 
	0x00, 0x00, 0x00, 0x00, 0x00, 0x00, 0x0c, 0x80, 0x07, 0x60, 0x00, 0x00, 0x00, 0x00, 0x00, 0x00, 
	0x00, 0x00, 0x00, 0x00, 0x00, 0x00, 0x02, 0x80, 0x07, 0x80, 0x00, 0x00, 0x00, 0x00, 0x00, 0x00, 
	0x00, 0x00, 0x00, 0x00, 0x00, 0x00, 0x01, 0x02, 0x07, 0x00, 0x01, 0x00, 0x00, 0x00, 0x00, 0x00, 
	0x00, 0x00, 0x00, 0x00, 0x00, 0x80, 0x00, 0x00, 0x03, 0x01, 0x02, 0x00, 0x00, 0x00, 0x00, 0x00, 
	0x00, 0x00, 0x00, 0x00, 0x00, 0x40, 0x00, 0x00, 0x00, 0x00, 0x04, 0x00, 0x00, 0x00, 0x00, 0x00, 
	0x00, 0x00, 0x00, 0x00, 0x00, 0x20, 0x10, 0x00, 0x00, 0x00, 0x08, 0x00, 0x00, 0x00, 0x00, 0x00, 
	0x00, 0x00, 0x00, 0x00, 0x00, 0x10, 0x18, 0x00, 0x00, 0xe0, 0x10, 0x00, 0x00, 0x00, 0x00, 0x00, 
	0x00, 0x00, 0x00, 0x00, 0x00, 0x08, 0x10, 0x00, 0x00, 0x40, 0x20, 0x00, 0x00, 0x00, 0x00, 0x00, 
	0x00, 0x00, 0x00, 0x00, 0x00, 0x08, 0x00, 0x00, 0x00, 0x00, 0x20, 0x00, 0x00, 0x00, 0x00, 0x00, 
	0x00, 0x00, 0x00, 0x00, 0x00, 0x04, 0xf0, 0x03, 0x00, 0x00, 0x40, 0x00, 0x00, 0x00, 0x00, 0x00, 
	0x00, 0x00, 0x00, 0x00, 0x00, 0x04, 0xf0, 0x01, 0x00, 0x00, 0x40, 0x00, 0x00, 0x00, 0x00, 0x00, 
	0x00, 0x00, 0x00, 0x00, 0x00, 0x02, 0xf0, 0x00, 0x00, 0x00, 0x80, 0x00, 0x00, 0x00, 0x00, 0x00, 
	0x00, 0x00, 0x00, 0x00, 0x00, 0x42, 0xf0, 0x00, 0x00, 0x00, 0x80, 0x00, 0x00, 0x00, 0x00, 0x00, 
	0x00, 0x00, 0x00, 0x00, 0x00, 0x01, 0x30, 0x01, 0x00, 0x00, 0x04, 0x01, 0x00, 0x00, 0x00, 0x00, 
	0x00, 0x00, 0x00, 0x00, 0x00, 0x01, 0x20, 0x02, 0x00, 0xfc, 0x01, 0x01, 0x00, 0x00, 0x00, 0x00, 
	0x00, 0x00, 0x00, 0x00, 0x00, 0x01, 0x00, 0x04, 0x00, 0xf8, 0x01, 0x01, 0x00, 0x00, 0x00, 0x00, 
	0x00, 0x00, 0x00, 0x00, 0x00, 0x01, 0x00, 0x08, 0x00, 0xf0, 0x01, 0x01, 0x00, 0x00, 0x00, 0x00, 
	0x00, 0x00, 0x00, 0x00, 0x80, 0x00, 0x00, 0x10, 0x00, 0xf0, 0x01, 0x02, 0x00, 0x00, 0x00, 0x00, 
	0x00, 0x00, 0x00, 0x00, 0x80, 0x00, 0x00, 0x20, 0x00, 0xdc, 0x01, 0x02, 0x00, 0x00, 0x00, 0x00, 
	0x00, 0x00, 0x00, 0x00, 0x80, 0x00, 0x00, 0x40, 0x00, 0x03, 0x01, 0x02, 0x00, 0x00, 0x00, 0x00, 
	0x00, 0x00, 0x00, 0x00, 0x80, 0x30, 0x00, 0x00, 0xc1, 0x00, 0x20, 0x02, 0x00, 0x00, 0x00, 0x00, 
	0x00, 0x00, 0x00, 0x00, 0x80, 0x78, 0x00, 0x80, 0x33, 0x00, 0x30, 0x02, 0x00, 0x00, 0x00, 0x00, 
	0x00, 0x00, 0x00, 0x00, 0x80, 0x78, 0x00, 0x80, 0x03, 0x00, 0x78, 0x02, 0x00, 0x00, 0x00, 0x00, 
	0x00, 0x00, 0x00, 0x00, 0x80, 0x78, 0x00, 0x00, 0x01, 0x00, 0x38, 0x02, 0x00, 0x00, 0x00, 0x00, 
	0x00, 0x00, 0x00, 0x00, 0x80, 0x20, 0x00, 0x00, 0x00, 0x00, 0x10, 0x02, 0x00, 0x00, 0x00, 0x00, 
	0x00, 0x00, 0x00, 0x00, 0x80, 0x00, 0x00, 0x00, 0x00, 0x00, 0x00, 0x02, 0x00, 0x00, 0x00, 0x00, 
	0x00, 0x00, 0x00, 0x00, 0x00, 0x01, 0x00, 0x00, 0x00, 0x00, 0x00, 0x01, 0x00, 0x00, 0x00, 0x00, 
	0x00, 0x00, 0x00, 0x00, 0x00, 0x01, 0x00, 0x00, 0x00, 0x00, 0x00, 0x01, 0x00, 0x00, 0x00, 0x00, 
	0x00, 0x00, 0x00, 0x00, 0x00, 0x01, 0x00, 0x00, 0x00, 0x00, 0x00, 0x01, 0x00, 0x00, 0x00, 0x00, 
	0x00, 0x00, 0x00, 0x00, 0x00, 0x01, 0x00, 0x00, 0x00, 0x00, 0x00, 0x01, 0x00, 0x00, 0x00, 0x00, 
	0x00, 0x00, 0x00, 0x00, 0x00, 0x42, 0x00, 0x00, 0x00, 0x00, 0x80, 0x00, 0x00, 0x00, 0x00, 0x00, 
	0x00, 0x00, 0x00, 0x00, 0x00, 0x02, 0x00, 0x00, 0x00, 0x00, 0x84, 0x00, 0x00, 0x00, 0x00, 0x00, 
	0x00, 0x00, 0x00, 0x00, 0x00, 0x04, 0x00, 0x00, 0x00, 0x00, 0x40, 0x00, 0x00, 0x00, 0x00, 0x00, 
	0x00, 0x00, 0x00, 0x00, 0x00, 0x04, 0x00, 0x00, 0x00, 0x00, 0x40, 0x00, 0x00, 0x00, 0x00, 0x00, 
	0x00, 0x00, 0x00, 0x00, 0x00, 0x08, 0x00, 0x00, 0x00, 0x00, 0x20, 0x00, 0x00, 0x00, 0x00, 0x00, 
	0x00, 0x00, 0x00, 0x00, 0x00, 0x08, 0x06, 0x00, 0x00, 0x00, 0x20, 0x00, 0x00, 0x00, 0x00, 0x00, 
	0x00, 0x00, 0x00, 0x00, 0x00, 0x10, 0x0c, 0x00, 0x00, 0x20, 0x10, 0x00, 0x00, 0x00, 0x00, 0x00, 
	0x00, 0x00, 0x00, 0x00, 0x00, 0x20, 0x00, 0x00, 0x00, 0x30, 0x08, 0x00, 0x00, 0x00, 0x00, 0x00, 
	0x00, 0x00, 0x00, 0x00, 0x00, 0x40, 0x00, 0x00, 0x00, 0x00, 0x04, 0x00, 0x00, 0x00, 0x00, 0x00, 
	0x00, 0x00, 0x00, 0x00, 0x00, 0x80, 0x00, 0x00, 0x00, 0x00, 0x02, 0x00, 0x00, 0x00, 0x00, 0x00, 
	0x00, 0x00, 0x00, 0x00, 0x00, 0x00, 0x81, 0x00, 0x03, 0x00, 0x01, 0x00, 0x00, 0x00, 0x00, 0x00, 
	0x00, 0x00, 0x00, 0x00, 0x00, 0x00, 0x02, 0x80, 0x83, 0x80, 0x00, 0x00, 0x00, 0x00, 0x00, 0x00, 
	0x00, 0x00, 0x00, 0x00, 0x00, 0x00, 0x0c, 0xc0, 0x03, 0x60, 0x00, 0x00, 0x00, 0x00, 0x00, 0x00, 
	0x00, 0x00, 0x00, 0x00, 0x00, 0x00, 0x30, 0x80, 0x01, 0x18, 0x00, 0x00, 0x00, 0x00, 0x00, 0x00, 
	0x00, 0x00, 0x00, 0x00, 0x00, 0x00, 0xc0, 0x00, 0x00, 0x06, 0x00, 0x00, 0x00, 0x00, 0x00, 0x00, 
	0x00, 0x00, 0x00, 0x00, 0x00, 0x00, 0x00, 0x0f, 0xe0, 0x01, 0x00, 0x00, 0x00, 0x00, 0x00, 0x00, 
	0x00, 0x00, 0x00, 0x00, 0x00, 0x00, 0x00, 0xf0, 0x1f, 0x00, 0x00, 0x00, 0x00, 0x00, 0x00, 0x00, 
	0x00, 0x00, 0x00, 0x00, 0x00, 0x00, 0x00, 0x00, 0x00, 0x00, 0x00, 0x00, 0x00, 0x00, 0x00, 0x00, 
	0x00, 0x00, 0x00, 0x00, 0x00, 0x00, 0x00, 0x00, 0x00, 0x00, 0x00, 0x00, 0x00, 0x00, 0x00, 0x00, 
	0x00, 0x00, 0x00, 0x00, 0x00, 0x00, 0x00, 0x00, 0x00, 0x00, 0x00, 0x00, 0x00, 0x00, 0x00, 0x00, 
	0x00, 0x00, 0x00, 0x00, 0x00, 0x00, 0x00, 0x00, 0x00, 0x00, 0x00, 0x00, 0x00, 0x00, 0x00, 0x00, 
	0x00, 0x00, 0x00, 0x00, 0x00, 0x00, 0x00, 0x00, 0x00, 0x00, 0x00, 0x00, 0x00, 0x00, 0x00, 0x00, 
	0x00, 0x00, 0x00, 0x00, 0x00, 0x00, 0x00, 0x00, 0x00, 0x00, 0x00, 0x00, 0x00, 0x00, 0x00, 0x00
};
// 'clk8', 128x64px
const unsigned char cclk8 []  = {
	0x00, 0x00, 0x00, 0x00, 0x00, 0x00, 0x00, 0x00, 0x00, 0x00, 0x00, 0x00, 0x00, 0x00, 0x00, 0x00, 
	0x00, 0x00, 0x00, 0x00, 0x00, 0x00, 0x00, 0x00, 0x00, 0x00, 0x00, 0x00, 0x00, 0x00, 0x00, 0x00, 
	0x00, 0x00, 0x00, 0x00, 0x00, 0x00, 0x00, 0x00, 0x00, 0x00, 0x00, 0x00, 0x00, 0x00, 0x00, 0x00, 
	0x00, 0x00, 0x00, 0x00, 0x00, 0x00, 0x00, 0x00, 0x00, 0x00, 0x00, 0x00, 0x00, 0x00, 0x00, 0x00, 
	0x00, 0x00, 0x00, 0x00, 0x00, 0x00, 0x00, 0x00, 0x00, 0x00, 0x00, 0x00, 0x00, 0x00, 0x00, 0x00, 
	0x00, 0x00, 0x00, 0x00, 0x00, 0x00, 0x00, 0x00, 0x00, 0x00, 0x00, 0x00, 0x00, 0x00, 0x00, 0x00, 
	0x00, 0x00, 0x00, 0x00, 0x00, 0x00, 0x00, 0x00, 0x00, 0x00, 0x00, 0x00, 0x00, 0x00, 0x00, 0x00, 
	0x00, 0x00, 0x00, 0x00, 0x00, 0x00, 0x00, 0xf0, 0x1f, 0x00, 0x00, 0x00, 0x00, 0x00, 0x00, 0x00, 
	0x00, 0x00, 0x00, 0x00, 0x00, 0x00, 0x00, 0x0f, 0xe0, 0x01, 0x00, 0x00, 0x00, 0x00, 0x00, 0x00, 
	0x00, 0x00, 0x00, 0x00, 0x00, 0x00, 0xc0, 0x00, 0x02, 0x06, 0x00, 0x00, 0x00, 0x00, 0x00, 0x00, 
	0x00, 0x00, 0x00, 0x00, 0x00, 0x00, 0x30, 0x00, 0x03, 0x18, 0x00, 0x00, 0x00, 0x00, 0x00, 0x00, 
	0x00, 0x00, 0x00, 0x00, 0x00, 0x00, 0x0c, 0x80, 0x07, 0x60, 0x00, 0x00, 0x00, 0x00, 0x00, 0x00, 
	0x00, 0x00, 0x00, 0x00, 0x00, 0x00, 0x02, 0x80, 0x07, 0x80, 0x00, 0x00, 0x00, 0x00, 0x00, 0x00, 
	0x00, 0x00, 0x00, 0x00, 0x00, 0x00, 0x01, 0x02, 0x07, 0x00, 0x01, 0x00, 0x00, 0x00, 0x00, 0x00, 
	0x00, 0x00, 0x00, 0x00, 0x00, 0x80, 0x00, 0x00, 0x03, 0x01, 0x02, 0x00, 0x00, 0x00, 0x00, 0x00, 
	0x00, 0x00, 0x00, 0x00, 0x00, 0x40, 0x00, 0x00, 0x00, 0x00, 0x04, 0x00, 0x00, 0x00, 0x00, 0x00, 
	0x00, 0x00, 0x00, 0x00, 0x00, 0x20, 0x10, 0x00, 0x00, 0x00, 0x08, 0x00, 0x00, 0x00, 0x00, 0x00, 
	0x00, 0x00, 0x00, 0x00, 0x00, 0x10, 0x18, 0x00, 0x00, 0xe0, 0x10, 0x00, 0x00, 0x00, 0x00, 0x00, 
	0x00, 0x00, 0x00, 0x00, 0x00, 0x08, 0x10, 0x00, 0xe0, 0x47, 0x20, 0x00, 0x00, 0x00, 0x00, 0x00, 
	0x00, 0x00, 0x00, 0x00, 0x00, 0x08, 0x00, 0x00, 0xf0, 0x07, 0x20, 0x00, 0x00, 0x00, 0x00, 0x00, 
	0x00, 0x00, 0x00, 0x00, 0x00, 0x04, 0x00, 0x00, 0xe0, 0x07, 0x40, 0x00, 0x00, 0x00, 0x00, 0x00, 
	0x00, 0x00, 0x00, 0x00, 0x00, 0x04, 0x00, 0x00, 0x80, 0x07, 0x40, 0x00, 0x00, 0x00, 0x00, 0x00, 
	0x00, 0x00, 0x00, 0x00, 0x00, 0x02, 0x00, 0x00, 0x40, 0x06, 0x80, 0x00, 0x00, 0x00, 0x00, 0x00, 
	0x00, 0x00, 0x00, 0x00, 0x00, 0x42, 0x00, 0x00, 0x40, 0x04, 0x80, 0x00, 0x00, 0x00, 0x00, 0x00, 
	0x00, 0x00, 0x00, 0x00, 0x00, 0x01, 0x00, 0x00, 0x20, 0x00, 0x04, 0x01, 0x00, 0x00, 0x00, 0x00, 
	0x00, 0x00, 0x00, 0x00, 0x00, 0x01, 0x00, 0x00, 0x10, 0x00, 0x00, 0x01, 0x00, 0x00, 0x00, 0x00, 
	0x00, 0x00, 0x00, 0x00, 0x00, 0x01, 0x00, 0x00, 0x10, 0x00, 0x00, 0x01, 0x00, 0x00, 0x00, 0x00, 
	0x00, 0x00, 0x00, 0x00, 0x00, 0x01, 0x00, 0x00, 0x08, 0x00, 0x00, 0x01, 0x00, 0x00, 0x00, 0x00, 
	0x00, 0x00, 0x00, 0x00, 0x80, 0x00, 0x00, 0x00, 0x04, 0x00, 0x00, 0x02, 0x00, 0x00, 0x00, 0x00, 
	0x00, 0x00, 0x00, 0x00, 0x80, 0x00, 0x00, 0x00, 0x02, 0x10, 0x00, 0x02, 0x00, 0x00, 0x00, 0x00, 
	0x00, 0x00, 0x00, 0x00, 0x80, 0x00, 0x00, 0x00, 0x00, 0x30, 0x00, 0x02, 0x00, 0x00, 0x00, 0x00, 
	0x00, 0x00, 0x00, 0x00, 0x80, 0x30, 0x00, 0x00, 0x01, 0x70, 0x20, 0x02, 0x00, 0x00, 0x00, 0x00, 
	0x00, 0x00, 0x00, 0x00, 0x80, 0x78, 0x00, 0x80, 0xf3, 0xff, 0x30, 0x02, 0x00, 0x00, 0x00, 0x00, 
	0x00, 0x00, 0x00, 0x00, 0x80, 0x78, 0x00, 0x80, 0x03, 0x70, 0x78, 0x02, 0x00, 0x00, 0x00, 0x00, 
	0x00, 0x00, 0x00, 0x00, 0x80, 0x78, 0x00, 0x00, 0x01, 0x30, 0x38, 0x02, 0x00, 0x00, 0x00, 0x00, 
	0x00, 0x00, 0x00, 0x00, 0x80, 0x20, 0x00, 0x00, 0x00, 0x10, 0x10, 0x02, 0x00, 0x00, 0x00, 0x00, 
	0x00, 0x00, 0x00, 0x00, 0x80, 0x00, 0x00, 0x00, 0x00, 0x00, 0x00, 0x02, 0x00, 0x00, 0x00, 0x00, 
	0x00, 0x00, 0x00, 0x00, 0x00, 0x01, 0x00, 0x00, 0x00, 0x00, 0x00, 0x01, 0x00, 0x00, 0x00, 0x00, 
	0x00, 0x00, 0x00, 0x00, 0x00, 0x01, 0x00, 0x00, 0x00, 0x00, 0x00, 0x01, 0x00, 0x00, 0x00, 0x00, 
	0x00, 0x00, 0x00, 0x00, 0x00, 0x01, 0x00, 0x00, 0x00, 0x00, 0x00, 0x01, 0x00, 0x00, 0x00, 0x00, 
	0x00, 0x00, 0x00, 0x00, 0x00, 0x01, 0x00, 0x00, 0x00, 0x00, 0x00, 0x01, 0x00, 0x00, 0x00, 0x00, 
	0x00, 0x00, 0x00, 0x00, 0x00, 0x42, 0x00, 0x00, 0x00, 0x00, 0x80, 0x00, 0x00, 0x00, 0x00, 0x00, 
	0x00, 0x00, 0x00, 0x00, 0x00, 0x02, 0x00, 0x00, 0x00, 0x00, 0x84, 0x00, 0x00, 0x00, 0x00, 0x00, 
	0x00, 0x00, 0x00, 0x00, 0x00, 0x04, 0x00, 0x00, 0x00, 0x00, 0x40, 0x00, 0x00, 0x00, 0x00, 0x00, 
	0x00, 0x00, 0x00, 0x00, 0x00, 0x04, 0x00, 0x00, 0x00, 0x00, 0x40, 0x00, 0x00, 0x00, 0x00, 0x00, 
	0x00, 0x00, 0x00, 0x00, 0x00, 0x08, 0x00, 0x00, 0x00, 0x00, 0x20, 0x00, 0x00, 0x00, 0x00, 0x00, 
	0x00, 0x00, 0x00, 0x00, 0x00, 0x08, 0x06, 0x00, 0x00, 0x00, 0x20, 0x00, 0x00, 0x00, 0x00, 0x00, 
	0x00, 0x00, 0x00, 0x00, 0x00, 0x10, 0x0c, 0x00, 0x00, 0x20, 0x10, 0x00, 0x00, 0x00, 0x00, 0x00, 
	0x00, 0x00, 0x00, 0x00, 0x00, 0x20, 0x00, 0x00, 0x00, 0x30, 0x08, 0x00, 0x00, 0x00, 0x00, 0x00, 
	0x00, 0x00, 0x00, 0x00, 0x00, 0x40, 0x00, 0x00, 0x00, 0x00, 0x04, 0x00, 0x00, 0x00, 0x00, 0x00, 
	0x00, 0x00, 0x00, 0x00, 0x00, 0x80, 0x00, 0x00, 0x00, 0x00, 0x02, 0x00, 0x00, 0x00, 0x00, 0x00, 
	0x00, 0x00, 0x00, 0x00, 0x00, 0x00, 0x81, 0x00, 0x03, 0x00, 0x01, 0x00, 0x00, 0x00, 0x00, 0x00, 
	0x00, 0x00, 0x00, 0x00, 0x00, 0x00, 0x02, 0x80, 0x83, 0x80, 0x00, 0x00, 0x00, 0x00, 0x00, 0x00, 
	0x00, 0x00, 0x00, 0x00, 0x00, 0x00, 0x0c, 0xc0, 0x03, 0x60, 0x00, 0x00, 0x00, 0x00, 0x00, 0x00, 
	0x00, 0x00, 0x00, 0x00, 0x00, 0x00, 0x30, 0x80, 0x01, 0x18, 0x00, 0x00, 0x00, 0x00, 0x00, 0x00, 
	0x00, 0x00, 0x00, 0x00, 0x00, 0x00, 0xc0, 0x00, 0x00, 0x06, 0x00, 0x00, 0x00, 0x00, 0x00, 0x00, 
	0x00, 0x00, 0x00, 0x00, 0x00, 0x00, 0x00, 0x0f, 0xe0, 0x01, 0x00, 0x00, 0x00, 0x00, 0x00, 0x00, 
	0x00, 0x00, 0x00, 0x00, 0x00, 0x00, 0x00, 0xf0, 0x1f, 0x00, 0x00, 0x00, 0x00, 0x00, 0x00, 0x00, 
	0x00, 0x00, 0x00, 0x00, 0x00, 0x00, 0x00, 0x00, 0x00, 0x00, 0x00, 0x00, 0x00, 0x00, 0x00, 0x00, 
	0x00, 0x00, 0x00, 0x00, 0x00, 0x00, 0x00, 0x00, 0x00, 0x00, 0x00, 0x00, 0x00, 0x00, 0x00, 0x00, 
	0x00, 0x00, 0x00, 0x00, 0x00, 0x00, 0x00, 0x00, 0x00, 0x00, 0x00, 0x00, 0x00, 0x00, 0x00, 0x00, 
	0x00, 0x00, 0x00, 0x00, 0x00, 0x00, 0x00, 0x00, 0x00, 0x00, 0x00, 0x00, 0x00, 0x00, 0x00, 0x00, 
	0x00, 0x00, 0x00, 0x00, 0x00, 0x00, 0x00, 0x00, 0x00, 0x00, 0x00, 0x00, 0x00, 0x00, 0x00, 0x00, 
	0x00, 0x00, 0x00, 0x00, 0x00, 0x00, 0x00, 0x00, 0x00, 0x00, 0x00, 0x00, 0x00, 0x00, 0x00, 0x00
};
// 'clk9', 128x64px
const unsigned char cclk9 []  = {
	0x00, 0x00, 0x00, 0x00, 0x00, 0x00, 0x00, 0x00, 0x00, 0x00, 0x00, 0x00, 0x00, 0x00, 0x00, 0x00, 
	0x00, 0x00, 0x00, 0x00, 0x00, 0x00, 0x00, 0x00, 0x00, 0x00, 0x00, 0x00, 0x00, 0x00, 0x00, 0x00, 
	0x00, 0x00, 0x00, 0x00, 0x00, 0x00, 0x00, 0x00, 0x00, 0x00, 0x00, 0x00, 0x00, 0x00, 0x00, 0x00, 
	0x00, 0x00, 0x00, 0x00, 0x00, 0x00, 0x00, 0x00, 0x00, 0x00, 0x00, 0x00, 0x00, 0x00, 0x00, 0x00, 
	0x00, 0x00, 0x00, 0x00, 0x00, 0x00, 0x00, 0x00, 0x00, 0x00, 0x00, 0x00, 0x00, 0x00, 0x00, 0x00, 
	0x00, 0x00, 0x00, 0x00, 0x00, 0x00, 0x00, 0x00, 0x00, 0x00, 0x00, 0x00, 0x00, 0x00, 0x00, 0x00, 
	0x00, 0x00, 0x00, 0x00, 0x00, 0x00, 0x00, 0x00, 0x00, 0x00, 0x00, 0x00, 0x00, 0x00, 0x00, 0x00, 
	0x00, 0x00, 0x00, 0x00, 0x00, 0x00, 0x00, 0xf0, 0x1f, 0x00, 0x00, 0x00, 0x00, 0x00, 0x00, 0x00, 
	0x00, 0x00, 0x00, 0x00, 0x00, 0x00, 0x00, 0x0f, 0xe0, 0x01, 0x00, 0x00, 0x00, 0x00, 0x00, 0x00, 
	0x00, 0x00, 0x00, 0x00, 0x00, 0x00, 0xc0, 0x00, 0x02, 0x06, 0x00, 0x00, 0x00, 0x00, 0x00, 0x00, 
	0x00, 0x00, 0x00, 0x00, 0x00, 0x00, 0x30, 0x00, 0x03, 0x18, 0x00, 0x00, 0x00, 0x00, 0x00, 0x00, 
	0x00, 0x00, 0x00, 0x00, 0x00, 0x00, 0x0c, 0x80, 0x07, 0x60, 0x00, 0x00, 0x00, 0x00, 0x00, 0x00, 
	0x00, 0x00, 0x00, 0x00, 0x00, 0x00, 0x02, 0x80, 0x07, 0x80, 0x00, 0x00, 0x00, 0x00, 0x00, 0x00, 
	0x00, 0x00, 0x00, 0x00, 0x00, 0x00, 0x01, 0x02, 0x07, 0x00, 0x01, 0x00, 0x00, 0x00, 0x00, 0x00, 
	0x00, 0x00, 0x00, 0x00, 0x00, 0x80, 0x00, 0x00, 0x03, 0x01, 0x02, 0x00, 0x00, 0x00, 0x00, 0x00, 
	0x00, 0x00, 0x00, 0x00, 0x00, 0x40, 0x00, 0x00, 0x00, 0x00, 0x04, 0x00, 0x00, 0x00, 0x00, 0x00, 
	0x00, 0x00, 0x00, 0x00, 0x00, 0x20, 0x10, 0x00, 0x00, 0x00, 0x08, 0x00, 0x00, 0x00, 0x00, 0x00, 
	0x00, 0x00, 0x00, 0x00, 0x00, 0x10, 0x18, 0x00, 0x00, 0xe0, 0x10, 0x00, 0x00, 0x00, 0x00, 0x00, 
	0x00, 0x00, 0x00, 0x00, 0x00, 0x08, 0x10, 0x00, 0x00, 0x40, 0x20, 0x00, 0x00, 0x00, 0x00, 0x00, 
	0x00, 0x00, 0x00, 0x00, 0x00, 0x08, 0x00, 0x00, 0x00, 0x00, 0x20, 0x00, 0x00, 0x00, 0x00, 0x00, 
	0x00, 0x00, 0x00, 0x00, 0x00, 0x04, 0x00, 0x00, 0x00, 0x00, 0x40, 0x00, 0x00, 0x00, 0x00, 0x00, 
	0x00, 0x00, 0x00, 0x00, 0x00, 0x04, 0x00, 0x00, 0x00, 0x00, 0x40, 0x00, 0x00, 0x00, 0x00, 0x00, 
	0x00, 0x00, 0x00, 0x00, 0x00, 0x02, 0x00, 0x00, 0x00, 0x00, 0x80, 0x00, 0x00, 0x00, 0x00, 0x00, 
	0x00, 0x00, 0x00, 0x00, 0x00, 0x42, 0x00, 0x00, 0x00, 0x00, 0x80, 0x00, 0x00, 0x00, 0x00, 0x00, 
	0x00, 0x00, 0x00, 0x00, 0x00, 0x01, 0x00, 0x00, 0x00, 0x00, 0x04, 0x01, 0x00, 0x00, 0x00, 0x00, 
	0x00, 0x00, 0x00, 0x00, 0x00, 0x01, 0x00, 0x00, 0x00, 0x00, 0x00, 0x01, 0x00, 0x00, 0x00, 0x00, 
	0x00, 0x00, 0x00, 0x00, 0x00, 0x01, 0x00, 0x00, 0x00, 0x00, 0x00, 0x01, 0x00, 0x00, 0x00, 0x00, 
	0x00, 0x00, 0x00, 0x00, 0x00, 0x01, 0x00, 0x00, 0x00, 0x00, 0x00, 0x01, 0x00, 0x00, 0x00, 0x00, 
	0x00, 0x00, 0x00, 0x00, 0x80, 0x00, 0x00, 0x00, 0x00, 0x00, 0x00, 0x02, 0x00, 0x00, 0x00, 0x00, 
	0x00, 0x00, 0x00, 0x00, 0x80, 0x00, 0x00, 0x00, 0x00, 0x30, 0x00, 0x02, 0x00, 0x00, 0x00, 0x00, 
	0x00, 0x00, 0x00, 0x00, 0x80, 0x00, 0x00, 0x00, 0x00, 0xe0, 0x01, 0x02, 0x00, 0x00, 0x00, 0x00, 
	0x00, 0x00, 0x00, 0x00, 0x80, 0x30, 0x00, 0x00, 0xf9, 0xff, 0x27, 0x02, 0x00, 0x00, 0x00, 0x00, 
	0x00, 0x00, 0x00, 0x00, 0x80, 0x78, 0x00, 0x80, 0x03, 0xc0, 0x33, 0x02, 0x00, 0x00, 0x00, 0x00, 
	0x00, 0x00, 0x00, 0x00, 0x80, 0x78, 0x00, 0x80, 0x03, 0xc0, 0x79, 0x02, 0x00, 0x00, 0x00, 0x00, 
	0x00, 0x00, 0x00, 0x00, 0x80, 0x78, 0x00, 0x00, 0x71, 0x6c, 0x38, 0x02, 0x00, 0x00, 0x00, 0x00, 
	0x00, 0x00, 0x00, 0x00, 0x80, 0x20, 0x00, 0x00, 0x80, 0x1f, 0x10, 0x02, 0x00, 0x00, 0x00, 0x00, 
	0x00, 0x00, 0x00, 0x00, 0x80, 0x00, 0x00, 0x00, 0x00, 0x3c, 0x00, 0x02, 0x00, 0x00, 0x00, 0x00, 
	0x00, 0x00, 0x00, 0x00, 0x00, 0x01, 0x00, 0x00, 0x00, 0x7c, 0x00, 0x01, 0x00, 0x00, 0x00, 0x00, 
	0x00, 0x00, 0x00, 0x00, 0x00, 0x01, 0x00, 0x00, 0x00, 0x3c, 0x00, 0x01, 0x00, 0x00, 0x00, 0x00, 
	0x00, 0x00, 0x00, 0x00, 0x00, 0x01, 0x00, 0x00, 0x00, 0x0c, 0x00, 0x01, 0x00, 0x00, 0x00, 0x00, 
	0x00, 0x00, 0x00, 0x00, 0x00, 0x01, 0x00, 0x00, 0x00, 0x00, 0x00, 0x01, 0x00, 0x00, 0x00, 0x00, 
	0x00, 0x00, 0x00, 0x00, 0x00, 0x42, 0x00, 0x00, 0x00, 0x00, 0x80, 0x00, 0x00, 0x00, 0x00, 0x00, 
	0x00, 0x00, 0x00, 0x00, 0x00, 0x02, 0x00, 0x00, 0x00, 0x00, 0x84, 0x00, 0x00, 0x00, 0x00, 0x00, 
	0x00, 0x00, 0x00, 0x00, 0x00, 0x04, 0x00, 0x00, 0x00, 0x00, 0x40, 0x00, 0x00, 0x00, 0x00, 0x00, 
	0x00, 0x00, 0x00, 0x00, 0x00, 0x04, 0x00, 0x00, 0x00, 0x00, 0x40, 0x00, 0x00, 0x00, 0x00, 0x00, 
	0x00, 0x00, 0x00, 0x00, 0x00, 0x08, 0x00, 0x00, 0x00, 0x00, 0x20, 0x00, 0x00, 0x00, 0x00, 0x00, 
	0x00, 0x00, 0x00, 0x00, 0x00, 0x08, 0x06, 0x00, 0x00, 0x00, 0x20, 0x00, 0x00, 0x00, 0x00, 0x00, 
	0x00, 0x00, 0x00, 0x00, 0x00, 0x10, 0x0c, 0x00, 0x00, 0x20, 0x10, 0x00, 0x00, 0x00, 0x00, 0x00, 
	0x00, 0x00, 0x00, 0x00, 0x00, 0x20, 0x00, 0x00, 0x00, 0x30, 0x08, 0x00, 0x00, 0x00, 0x00, 0x00, 
	0x00, 0x00, 0x00, 0x00, 0x00, 0x40, 0x00, 0x00, 0x00, 0x00, 0x04, 0x00, 0x00, 0x00, 0x00, 0x00, 
	0x00, 0x00, 0x00, 0x00, 0x00, 0x80, 0x00, 0x00, 0x00, 0x00, 0x02, 0x00, 0x00, 0x00, 0x00, 0x00, 
	0x00, 0x00, 0x00, 0x00, 0x00, 0x00, 0x81, 0x00, 0x03, 0x00, 0x01, 0x00, 0x00, 0x00, 0x00, 0x00, 
	0x00, 0x00, 0x00, 0x00, 0x00, 0x00, 0x02, 0x80, 0x83, 0x80, 0x00, 0x00, 0x00, 0x00, 0x00, 0x00, 
	0x00, 0x00, 0x00, 0x00, 0x00, 0x00, 0x0c, 0xc0, 0x03, 0x60, 0x00, 0x00, 0x00, 0x00, 0x00, 0x00, 
	0x00, 0x00, 0x00, 0x00, 0x00, 0x00, 0x30, 0x80, 0x01, 0x18, 0x00, 0x00, 0x00, 0x00, 0x00, 0x00, 
	0x00, 0x00, 0x00, 0x00, 0x00, 0x00, 0xc0, 0x00, 0x00, 0x06, 0x00, 0x00, 0x00, 0x00, 0x00, 0x00, 
	0x00, 0x00, 0x00, 0x00, 0x00, 0x00, 0x00, 0x0f, 0xe0, 0x01, 0x00, 0x00, 0x00, 0x00, 0x00, 0x00, 
	0x00, 0x00, 0x00, 0x00, 0x00, 0x00, 0x00, 0xf0, 0x1f, 0x00, 0x00, 0x00, 0x00, 0x00, 0x00, 0x00, 
	0x00, 0x00, 0x00, 0x00, 0x00, 0x00, 0x00, 0x00, 0x00, 0x00, 0x00, 0x00, 0x00, 0x00, 0x00, 0x00, 
	0x00, 0x00, 0x00, 0x00, 0x00, 0x00, 0x00, 0x00, 0x00, 0x00, 0x00, 0x00, 0x00, 0x00, 0x00, 0x00, 
	0x00, 0x00, 0x00, 0x00, 0x00, 0x00, 0x00, 0x00, 0x00, 0x00, 0x00, 0x00, 0x00, 0x00, 0x00, 0x00, 
	0x00, 0x00, 0x00, 0x00, 0x00, 0x00, 0x00, 0x00, 0x00, 0x00, 0x00, 0x00, 0x00, 0x00, 0x00, 0x00, 
	0x00, 0x00, 0x00, 0x00, 0x00, 0x00, 0x00, 0x00, 0x00, 0x00, 0x00, 0x00, 0x00, 0x00, 0x00, 0x00, 
	0x00, 0x00, 0x00, 0x00, 0x00, 0x00, 0x00, 0x00, 0x00, 0x00, 0x00, 0x00, 0x00, 0x00, 0x00, 0x00
};
// 'clk10', 128x64px
const unsigned char cclk10 []  = {
	0x00, 0x00, 0x00, 0x00, 0x00, 0x00, 0x00, 0x00, 0x00, 0x00, 0x00, 0x00, 0x00, 0x00, 0x00, 0x00, 
	0x00, 0x00, 0x00, 0x00, 0x00, 0x00, 0x00, 0x00, 0x00, 0x00, 0x00, 0x00, 0x00, 0x00, 0x00, 0x00, 
	0x00, 0x00, 0x00, 0x00, 0x00, 0x00, 0x00, 0x00, 0x00, 0x00, 0x00, 0x00, 0x00, 0x00, 0x00, 0x00, 
	0x00, 0x00, 0x00, 0x00, 0x00, 0x00, 0x00, 0x00, 0x00, 0x00, 0x00, 0x00, 0x00, 0x00, 0x00, 0x00, 
	0x00, 0x00, 0x00, 0x00, 0x00, 0x00, 0x00, 0x00, 0x00, 0x00, 0x00, 0x00, 0x00, 0x00, 0x00, 0x00, 
	0x00, 0x00, 0x00, 0x00, 0x00, 0x00, 0x00, 0x00, 0x00, 0x00, 0x00, 0x00, 0x00, 0x00, 0x00, 0x00, 
	0x00, 0x00, 0x00, 0x00, 0x00, 0x00, 0x00, 0x00, 0x00, 0x00, 0x00, 0x00, 0x00, 0x00, 0x00, 0x00, 
	0x00, 0x00, 0x00, 0x00, 0x00, 0x00, 0x00, 0xf0, 0x1f, 0x00, 0x00, 0x00, 0x00, 0x00, 0x00, 0x00, 
	0x00, 0x00, 0x00, 0x00, 0x00, 0x00, 0x00, 0x0f, 0xe0, 0x01, 0x00, 0x00, 0x00, 0x00, 0x00, 0x00, 
	0x00, 0x00, 0x00, 0x00, 0x00, 0x00, 0xc0, 0x00, 0x02, 0x06, 0x00, 0x00, 0x00, 0x00, 0x00, 0x00, 
	0x00, 0x00, 0x00, 0x00, 0x00, 0x00, 0x30, 0x00, 0x03, 0x18, 0x00, 0x00, 0x00, 0x00, 0x00, 0x00, 
	0x00, 0x00, 0x00, 0x00, 0x00, 0x00, 0x0c, 0x80, 0x07, 0x60, 0x00, 0x00, 0x00, 0x00, 0x00, 0x00, 
	0x00, 0x00, 0x00, 0x00, 0x00, 0x00, 0x02, 0x80, 0x07, 0x80, 0x00, 0x00, 0x00, 0x00, 0x00, 0x00, 
	0x00, 0x00, 0x00, 0x00, 0x00, 0x00, 0x01, 0x02, 0x07, 0x00, 0x01, 0x00, 0x00, 0x00, 0x00, 0x00, 
	0x00, 0x00, 0x00, 0x00, 0x00, 0x80, 0x00, 0x00, 0x03, 0x01, 0x02, 0x00, 0x00, 0x00, 0x00, 0x00, 
	0x00, 0x00, 0x00, 0x00, 0x00, 0x40, 0x00, 0x00, 0x00, 0x00, 0x04, 0x00, 0x00, 0x00, 0x00, 0x00, 
	0x00, 0x00, 0x00, 0x00, 0x00, 0x20, 0x10, 0x00, 0x00, 0x00, 0x08, 0x00, 0x00, 0x00, 0x00, 0x00, 
	0x00, 0x00, 0x00, 0x00, 0x00, 0x10, 0x18, 0x00, 0x00, 0xe0, 0x10, 0x00, 0x00, 0x00, 0x00, 0x00, 
	0x00, 0x00, 0x00, 0x00, 0x00, 0x08, 0x10, 0x00, 0x00, 0x40, 0x20, 0x00, 0x00, 0x00, 0x00, 0x00, 
	0x00, 0x00, 0x00, 0x00, 0x00, 0x08, 0x00, 0x00, 0x00, 0x00, 0x20, 0x00, 0x00, 0x00, 0x00, 0x00, 
	0x00, 0x00, 0x00, 0x00, 0x00, 0x04, 0x00, 0x00, 0x00, 0x00, 0x40, 0x00, 0x00, 0x00, 0x00, 0x00, 
	0x00, 0x00, 0x00, 0x00, 0x00, 0x04, 0x00, 0x00, 0x00, 0x00, 0x40, 0x00, 0x00, 0x00, 0x00, 0x00, 
	0x00, 0x00, 0x00, 0x00, 0x00, 0x02, 0x00, 0x00, 0x00, 0x00, 0x80, 0x00, 0x00, 0x00, 0x00, 0x00, 
	0x00, 0x00, 0x00, 0x00, 0x00, 0x42, 0x00, 0x00, 0x00, 0x00, 0x80, 0x00, 0x00, 0x00, 0x00, 0x00, 
	0x00, 0x00, 0x00, 0x00, 0x00, 0x01, 0x00, 0x00, 0x00, 0x00, 0x04, 0x01, 0x00, 0x00, 0x00, 0x00, 
	0x00, 0x00, 0x00, 0x00, 0x00, 0x01, 0x00, 0x00, 0x00, 0x00, 0x00, 0x01, 0x00, 0x00, 0x00, 0x00, 
	0x00, 0x00, 0x00, 0x00, 0x00, 0x01, 0x00, 0x00, 0x00, 0x00, 0x00, 0x01, 0x00, 0x00, 0x00, 0x00, 
	0x00, 0x00, 0x00, 0x00, 0x00, 0x01, 0x00, 0x00, 0x00, 0x00, 0x00, 0x01, 0x00, 0x00, 0x00, 0x00, 
	0x00, 0x00, 0x00, 0x00, 0x80, 0x00, 0x00, 0x00, 0x00, 0x00, 0x00, 0x02, 0x00, 0x00, 0x00, 0x00, 
	0x00, 0x00, 0x00, 0x00, 0x80, 0x00, 0x00, 0x00, 0x00, 0x00, 0x00, 0x02, 0x00, 0x00, 0x00, 0x00, 
	0x00, 0x00, 0x00, 0x00, 0x80, 0x00, 0x00, 0x00, 0x00, 0x00, 0x00, 0x02, 0x00, 0x00, 0x00, 0x00, 
	0x00, 0x00, 0x00, 0x00, 0x80, 0x30, 0x00, 0x00, 0x01, 0x00, 0x20, 0x02, 0x00, 0x00, 0x00, 0x00, 
	0x00, 0x00, 0x00, 0x00, 0x80, 0x78, 0x00, 0x80, 0x03, 0x00, 0x30, 0x02, 0x00, 0x00, 0x00, 0x00, 
	0x00, 0x00, 0x00, 0x00, 0x80, 0x78, 0x00, 0x80, 0x03, 0x00, 0x78, 0x02, 0x00, 0x00, 0x00, 0x00, 
	0x00, 0x00, 0x00, 0x00, 0x80, 0x78, 0x00, 0x00, 0x11, 0x00, 0x38, 0x02, 0x00, 0x00, 0x00, 0x00, 
	0x00, 0x00, 0x00, 0x00, 0x80, 0x20, 0x00, 0x00, 0x20, 0x00, 0x10, 0x02, 0x00, 0x00, 0x00, 0x00, 
	0x00, 0x00, 0x00, 0x00, 0x80, 0x00, 0x00, 0x00, 0xc0, 0x18, 0x00, 0x02, 0x00, 0x00, 0x00, 0x00, 
	0x00, 0x00, 0x00, 0x00, 0x00, 0x01, 0x00, 0x00, 0x02, 0x1d, 0x00, 0x01, 0x00, 0x00, 0x00, 0x00, 
	0x00, 0x00, 0x00, 0x00, 0x00, 0x01, 0x00, 0x00, 0x02, 0x1e, 0x00, 0x01, 0x00, 0x00, 0x00, 0x00, 
	0x00, 0x00, 0x00, 0x00, 0x00, 0x01, 0x00, 0x00, 0x04, 0x1e, 0x00, 0x01, 0x00, 0x00, 0x00, 0x00, 
	0x00, 0x00, 0x00, 0x00, 0x00, 0x01, 0x00, 0x00, 0x04, 0x1f, 0x00, 0x01, 0x00, 0x00, 0x00, 0x00, 
	0x00, 0x00, 0x00, 0x00, 0x00, 0x42, 0x00, 0x00, 0x04, 0x00, 0x80, 0x00, 0x00, 0x00, 0x00, 0x00, 
	0x00, 0x00, 0x00, 0x00, 0x00, 0x02, 0x00, 0x00, 0x08, 0x00, 0x84, 0x00, 0x00, 0x00, 0x00, 0x00, 
	0x00, 0x00, 0x00, 0x00, 0x00, 0x04, 0x00, 0x00, 0x08, 0x00, 0x40, 0x00, 0x00, 0x00, 0x00, 0x00, 
	0x00, 0x00, 0x00, 0x00, 0x00, 0x04, 0x00, 0x00, 0x10, 0x00, 0x40, 0x00, 0x00, 0x00, 0x00, 0x00, 
	0x00, 0x00, 0x00, 0x00, 0x00, 0x08, 0x00, 0x00, 0x90, 0x00, 0x20, 0x00, 0x00, 0x00, 0x00, 0x00, 
	0x00, 0x00, 0x00, 0x00, 0x00, 0x08, 0x06, 0x00, 0xe0, 0x00, 0x20, 0x00, 0x00, 0x00, 0x00, 0x00, 
	0x00, 0x00, 0x00, 0x00, 0x00, 0x10, 0x0c, 0x00, 0xe0, 0x20, 0x10, 0x00, 0x00, 0x00, 0x00, 0x00, 
	0x00, 0x00, 0x00, 0x00, 0x00, 0x20, 0x00, 0x00, 0xf8, 0x30, 0x08, 0x00, 0x00, 0x00, 0x00, 0x00, 
	0x00, 0x00, 0x00, 0x00, 0x00, 0x40, 0x00, 0x00, 0xe0, 0x00, 0x04, 0x00, 0x00, 0x00, 0x00, 0x00, 
	0x00, 0x00, 0x00, 0x00, 0x00, 0x80, 0x00, 0x00, 0xc0, 0x00, 0x02, 0x00, 0x00, 0x00, 0x00, 0x00, 
	0x00, 0x00, 0x00, 0x00, 0x00, 0x00, 0x81, 0x00, 0x03, 0x00, 0x01, 0x00, 0x00, 0x00, 0x00, 0x00, 
	0x00, 0x00, 0x00, 0x00, 0x00, 0x00, 0x02, 0x80, 0x83, 0x80, 0x00, 0x00, 0x00, 0x00, 0x00, 0x00, 
	0x00, 0x00, 0x00, 0x00, 0x00, 0x00, 0x0c, 0xc0, 0x03, 0x60, 0x00, 0x00, 0x00, 0x00, 0x00, 0x00, 
	0x00, 0x00, 0x00, 0x00, 0x00, 0x00, 0x30, 0x80, 0x01, 0x18, 0x00, 0x00, 0x00, 0x00, 0x00, 0x00, 
	0x00, 0x00, 0x00, 0x00, 0x00, 0x00, 0xc0, 0x00, 0x00, 0x06, 0x00, 0x00, 0x00, 0x00, 0x00, 0x00, 
	0x00, 0x00, 0x00, 0x00, 0x00, 0x00, 0x00, 0x0f, 0xe0, 0x01, 0x00, 0x00, 0x00, 0x00, 0x00, 0x00, 
	0x00, 0x00, 0x00, 0x00, 0x00, 0x00, 0x00, 0xf0, 0x1f, 0x00, 0x00, 0x00, 0x00, 0x00, 0x00, 0x00, 
	0x00, 0x00, 0x00, 0x00, 0x00, 0x00, 0x00, 0x00, 0x00, 0x00, 0x00, 0x00, 0x00, 0x00, 0x00, 0x00, 
	0x00, 0x00, 0x00, 0x00, 0x00, 0x00, 0x00, 0x00, 0x00, 0x00, 0x00, 0x00, 0x00, 0x00, 0x00, 0x00, 
	0x00, 0x00, 0x00, 0x00, 0x00, 0x00, 0x00, 0x00, 0x00, 0x00, 0x00, 0x00, 0x00, 0x00, 0x00, 0x00, 
	0x00, 0x00, 0x00, 0x00, 0x00, 0x00, 0x00, 0x00, 0x00, 0x00, 0x00, 0x00, 0x00, 0x00, 0x00, 0x00, 
	0x00, 0x00, 0x00, 0x00, 0x00, 0x00, 0x00, 0x00, 0x00, 0x00, 0x00, 0x00, 0x00, 0x00, 0x00, 0x00, 
	0x00, 0x00, 0x00, 0x00, 0x00, 0x00, 0x00, 0x00, 0x00, 0x00, 0x00, 0x00, 0x00, 0x00, 0x00, 0x00
};
// 'clk11', 128x64px
const unsigned char cclk11 []  = {
	0x00, 0x00, 0x00, 0x00, 0x00, 0x00, 0x00, 0x00, 0x00, 0x00, 0x00, 0x00, 0x00, 0x00, 0x00, 0x00, 
	0x00, 0x00, 0x00, 0x00, 0x00, 0x00, 0x00, 0x00, 0x00, 0x00, 0x00, 0x00, 0x00, 0x00, 0x00, 0x00, 
	0x00, 0x00, 0x00, 0x00, 0x00, 0x00, 0x00, 0x00, 0x00, 0x00, 0x00, 0x00, 0x00, 0x00, 0x00, 0x00, 
	0x00, 0x00, 0x00, 0x00, 0x00, 0x00, 0x00, 0x00, 0x00, 0x00, 0x00, 0x00, 0x00, 0x00, 0x00, 0x00, 
	0x00, 0x00, 0x00, 0x00, 0x00, 0x00, 0x00, 0x00, 0x00, 0x00, 0x00, 0x00, 0x00, 0x00, 0x00, 0x00, 
	0x00, 0x00, 0x00, 0x00, 0x00, 0x00, 0x00, 0x00, 0x00, 0x00, 0x00, 0x00, 0x00, 0x00, 0x00, 0x00, 
	0x00, 0x00, 0x00, 0x00, 0x00, 0x00, 0x00, 0x00, 0x00, 0x00, 0x00, 0x00, 0x00, 0x00, 0x00, 0x00, 
	0x00, 0x00, 0x00, 0x00, 0x00, 0x00, 0x00, 0xf0, 0x1f, 0x00, 0x00, 0x00, 0x00, 0x00, 0x00, 0x00, 
	0x00, 0x00, 0x00, 0x00, 0x00, 0x00, 0x00, 0x0f, 0xe0, 0x01, 0x00, 0x00, 0x00, 0x00, 0x00, 0x00, 
	0x00, 0x00, 0x00, 0x00, 0x00, 0x00, 0xc0, 0x00, 0x02, 0x06, 0x00, 0x00, 0x00, 0x00, 0x00, 0x00, 
	0x00, 0x00, 0x00, 0x00, 0x00, 0x00, 0x30, 0x00, 0x03, 0x18, 0x00, 0x00, 0x00, 0x00, 0x00, 0x00, 
	0x00, 0x00, 0x00, 0x00, 0x00, 0x00, 0x0c, 0x80, 0x07, 0x60, 0x00, 0x00, 0x00, 0x00, 0x00, 0x00, 
	0x00, 0x00, 0x00, 0x00, 0x00, 0x00, 0x02, 0x80, 0x07, 0x80, 0x00, 0x00, 0x00, 0x00, 0x00, 0x00, 
	0x00, 0x00, 0x00, 0x00, 0x00, 0x00, 0x01, 0x02, 0x07, 0x00, 0x01, 0x00, 0x00, 0x00, 0x00, 0x00, 
	0x00, 0x00, 0x00, 0x00, 0x00, 0x80, 0x00, 0x00, 0x03, 0x01, 0x02, 0x00, 0x00, 0x00, 0x00, 0x00, 
	0x00, 0x00, 0x00, 0x00, 0x00, 0x40, 0x00, 0x00, 0x00, 0x00, 0x04, 0x00, 0x00, 0x00, 0x00, 0x00, 
	0x00, 0x00, 0x00, 0x00, 0x00, 0x20, 0x10, 0x00, 0x00, 0x00, 0x08, 0x00, 0x00, 0x00, 0x00, 0x00, 
	0x00, 0x00, 0x00, 0x00, 0x00, 0x10, 0x18, 0x00, 0x00, 0xe0, 0x10, 0x00, 0x00, 0x00, 0x00, 0x00, 
	0x00, 0x00, 0x00, 0x00, 0x00, 0x08, 0x10, 0x00, 0x00, 0x40, 0x20, 0x00, 0x00, 0x00, 0x00, 0x00, 
	0x00, 0x00, 0x00, 0x00, 0x00, 0x08, 0x00, 0x00, 0x00, 0x00, 0x20, 0x00, 0x00, 0x00, 0x00, 0x00, 
	0x00, 0x00, 0x00, 0x00, 0x00, 0x04, 0x00, 0x00, 0x00, 0x00, 0x40, 0x00, 0x00, 0x00, 0x00, 0x00, 
	0x00, 0x00, 0x00, 0x00, 0x00, 0x04, 0x00, 0x00, 0x00, 0x00, 0x40, 0x00, 0x00, 0x00, 0x00, 0x00, 
	0x00, 0x00, 0x00, 0x00, 0x00, 0x02, 0x00, 0x00, 0x00, 0x00, 0x80, 0x00, 0x00, 0x00, 0x00, 0x00, 
	0x00, 0x00, 0x00, 0x00, 0x00, 0x42, 0x00, 0x00, 0x00, 0x00, 0x80, 0x00, 0x00, 0x00, 0x00, 0x00, 
	0x00, 0x00, 0x00, 0x00, 0x00, 0x01, 0x00, 0x00, 0x00, 0x00, 0x04, 0x01, 0x00, 0x00, 0x00, 0x00, 
	0x00, 0x00, 0x00, 0x00, 0x00, 0x01, 0x00, 0x00, 0x00, 0x00, 0x00, 0x01, 0x00, 0x00, 0x00, 0x00, 
	0x00, 0x00, 0x00, 0x00, 0x00, 0x01, 0x00, 0x00, 0x00, 0x00, 0x00, 0x01, 0x00, 0x00, 0x00, 0x00, 
	0x00, 0x00, 0x00, 0x00, 0x00, 0x01, 0x00, 0x00, 0x00, 0x00, 0x00, 0x01, 0x00, 0x00, 0x00, 0x00, 
	0x00, 0x00, 0x00, 0x00, 0x80, 0x00, 0x00, 0x00, 0x00, 0x00, 0x00, 0x02, 0x00, 0x00, 0x00, 0x00, 
	0x00, 0x00, 0x00, 0x00, 0x80, 0x00, 0x00, 0x00, 0x00, 0x00, 0x00, 0x02, 0x00, 0x00, 0x00, 0x00, 
	0x00, 0x00, 0x00, 0x00, 0x80, 0x00, 0x00, 0x00, 0x00, 0x00, 0x00, 0x02, 0x00, 0x00, 0x00, 0x00, 
	0x00, 0x00, 0x00, 0x00, 0x80, 0x30, 0x00, 0x00, 0x01, 0x00, 0x20, 0x02, 0x00, 0x00, 0x00, 0x00, 
	0x00, 0x00, 0x00, 0x00, 0x80, 0x78, 0x00, 0x80, 0x03, 0x00, 0x30, 0x02, 0x00, 0x00, 0x00, 0x00, 
	0x00, 0x00, 0x00, 0x00, 0x80, 0x78, 0x00, 0x80, 0x03, 0x00, 0x78, 0x02, 0x00, 0x00, 0x00, 0x00, 
	0x00, 0x00, 0x00, 0x00, 0x80, 0x78, 0x00, 0x00, 0x01, 0x00, 0x38, 0x02, 0x00, 0x00, 0x00, 0x00, 
	0x00, 0x00, 0x00, 0x00, 0x80, 0x20, 0x00, 0x20, 0x00, 0x00, 0x10, 0x02, 0x00, 0x00, 0x00, 0x00, 
	0x00, 0x00, 0x00, 0x00, 0x80, 0x00, 0x00, 0x18, 0x0c, 0x00, 0x00, 0x02, 0x00, 0x00, 0x00, 0x00, 
	0x00, 0x00, 0x00, 0x00, 0x00, 0x01, 0x00, 0x06, 0x08, 0x00, 0x00, 0x01, 0x00, 0x00, 0x00, 0x00, 
	0x00, 0x00, 0x00, 0x00, 0x00, 0x01, 0x88, 0x01, 0x10, 0x00, 0x00, 0x01, 0x00, 0x00, 0x00, 0x00, 
	0x00, 0x00, 0x00, 0x00, 0x00, 0x01, 0x6c, 0x00, 0x20, 0x00, 0x00, 0x01, 0x00, 0x00, 0x00, 0x00, 
	0x00, 0x00, 0x00, 0x00, 0x00, 0x01, 0x1e, 0x00, 0x40, 0x02, 0x00, 0x01, 0x00, 0x00, 0x00, 0x00, 
	0x00, 0x00, 0x00, 0x00, 0x00, 0x42, 0x3e, 0x00, 0x80, 0x03, 0x80, 0x00, 0x00, 0x00, 0x00, 0x00, 
	0x00, 0x00, 0x00, 0x00, 0x00, 0x02, 0x02, 0x00, 0x80, 0x03, 0x84, 0x00, 0x00, 0x00, 0x00, 0x00, 
	0x00, 0x00, 0x00, 0x00, 0x00, 0x04, 0x00, 0x00, 0xc0, 0x03, 0x40, 0x00, 0x00, 0x00, 0x00, 0x00, 
	0x00, 0x00, 0x00, 0x00, 0x00, 0x04, 0x00, 0x00, 0xe0, 0x03, 0x40, 0x00, 0x00, 0x00, 0x00, 0x00, 
	0x00, 0x00, 0x00, 0x00, 0x00, 0x08, 0x00, 0x00, 0x00, 0x02, 0x20, 0x00, 0x00, 0x00, 0x00, 0x00, 
	0x00, 0x00, 0x00, 0x00, 0x00, 0x08, 0x06, 0x00, 0x00, 0x00, 0x20, 0x00, 0x00, 0x00, 0x00, 0x00, 
	0x00, 0x00, 0x00, 0x00, 0x00, 0x10, 0x0c, 0x00, 0x00, 0x20, 0x10, 0x00, 0x00, 0x00, 0x00, 0x00, 
	0x00, 0x00, 0x00, 0x00, 0x00, 0x20, 0x00, 0x00, 0x00, 0x30, 0x08, 0x00, 0x00, 0x00, 0x00, 0x00, 
	0x00, 0x00, 0x00, 0x00, 0x00, 0x40, 0x00, 0x00, 0x00, 0x00, 0x04, 0x00, 0x00, 0x00, 0x00, 0x00, 
	0x00, 0x00, 0x00, 0x00, 0x00, 0x80, 0x00, 0x00, 0x00, 0x00, 0x02, 0x00, 0x00, 0x00, 0x00, 0x00, 
	0x00, 0x00, 0x00, 0x00, 0x00, 0x00, 0x81, 0x00, 0x03, 0x00, 0x01, 0x00, 0x00, 0x00, 0x00, 0x00, 
	0x00, 0x00, 0x00, 0x00, 0x00, 0x00, 0x02, 0x80, 0x83, 0x80, 0x00, 0x00, 0x00, 0x00, 0x00, 0x00, 
	0x00, 0x00, 0x00, 0x00, 0x00, 0x00, 0x0c, 0xc0, 0x03, 0x60, 0x00, 0x00, 0x00, 0x00, 0x00, 0x00, 
	0x00, 0x00, 0x00, 0x00, 0x00, 0x00, 0x30, 0x80, 0x01, 0x18, 0x00, 0x00, 0x00, 0x00, 0x00, 0x00, 
	0x00, 0x00, 0x00, 0x00, 0x00, 0x00, 0xc0, 0x00, 0x00, 0x06, 0x00, 0x00, 0x00, 0x00, 0x00, 0x00, 
	0x00, 0x00, 0x00, 0x00, 0x00, 0x00, 0x00, 0x0f, 0xe0, 0x01, 0x00, 0x00, 0x00, 0x00, 0x00, 0x00, 
	0x00, 0x00, 0x00, 0x00, 0x00, 0x00, 0x00, 0xf0, 0x1f, 0x00, 0x00, 0x00, 0x00, 0x00, 0x00, 0x00, 
	0x00, 0x00, 0x00, 0x00, 0x00, 0x00, 0x00, 0x00, 0x00, 0x00, 0x00, 0x00, 0x00, 0x00, 0x00, 0x00, 
	0x00, 0x00, 0x00, 0x00, 0x00, 0x00, 0x00, 0x00, 0x00, 0x00, 0x00, 0x00, 0x00, 0x00, 0x00, 0x00, 
	0x00, 0x00, 0x00, 0x00, 0x00, 0x00, 0x00, 0x00, 0x00, 0x00, 0x00, 0x00, 0x00, 0x00, 0x00, 0x00, 
	0x00, 0x00, 0x00, 0x00, 0x00, 0x00, 0x00, 0x00, 0x00, 0x00, 0x00, 0x00, 0x00, 0x00, 0x00, 0x00, 
	0x00, 0x00, 0x00, 0x00, 0x00, 0x00, 0x00, 0x00, 0x00, 0x00, 0x00, 0x00, 0x00, 0x00, 0x00, 0x00, 
	0x00, 0x00, 0x00, 0x00, 0x00, 0x00, 0x00, 0x00, 0x00, 0x00, 0x00, 0x00, 0x00, 0x00, 0x00, 0x00
};
// 'clk12', 128x64px
const unsigned char cclk12 []  = {
	0x00, 0x00, 0x00, 0x00, 0x00, 0x00, 0x00, 0x00, 0x00, 0x00, 0x00, 0x00, 0x00, 0x00, 0x00, 0x00, 
	0x00, 0x00, 0x00, 0x00, 0x00, 0x00, 0x00, 0x00, 0x00, 0x00, 0x00, 0x00, 0x00, 0x00, 0x00, 0x00, 
	0x00, 0x00, 0x00, 0x00, 0x00, 0x00, 0x00, 0x00, 0x00, 0x00, 0x00, 0x00, 0x00, 0x00, 0x00, 0x00, 
	0x00, 0x00, 0x00, 0x00, 0x00, 0x00, 0x00, 0x00, 0x00, 0x00, 0x00, 0x00, 0x00, 0x00, 0x00, 0x00, 
	0x00, 0x00, 0x00, 0x00, 0x00, 0x00, 0x00, 0x00, 0x00, 0x00, 0x00, 0x00, 0x00, 0x00, 0x00, 0x00, 
	0x00, 0x00, 0x00, 0x00, 0x00, 0x00, 0x00, 0x00, 0x00, 0x00, 0x00, 0x00, 0x00, 0x00, 0x00, 0x00, 
	0x00, 0x00, 0x00, 0x00, 0x00, 0x00, 0x00, 0x00, 0x00, 0x00, 0x00, 0x00, 0x00, 0x00, 0x00, 0x00, 
	0x00, 0x00, 0x00, 0x00, 0x00, 0x00, 0x00, 0xf0, 0x1f, 0x00, 0x00, 0x00, 0x00, 0x00, 0x00, 0x00, 
	0x00, 0x00, 0x00, 0x00, 0x00, 0x00, 0x00, 0x0f, 0xe0, 0x01, 0x00, 0x00, 0x00, 0x00, 0x00, 0x00, 
	0x00, 0x00, 0x00, 0x00, 0x00, 0x00, 0xc0, 0x00, 0x02, 0x06, 0x00, 0x00, 0x00, 0x00, 0x00, 0x00, 
	0x00, 0x00, 0x00, 0x00, 0x00, 0x00, 0x30, 0x00, 0x03, 0x18, 0x00, 0x00, 0x00, 0x00, 0x00, 0x00, 
	0x00, 0x00, 0x00, 0x00, 0x00, 0x00, 0x0c, 0x80, 0x07, 0x60, 0x00, 0x00, 0x00, 0x00, 0x00, 0x00, 
	0x00, 0x00, 0x00, 0x00, 0x00, 0x00, 0x02, 0x80, 0x07, 0x80, 0x00, 0x00, 0x00, 0x00, 0x00, 0x00, 
	0x00, 0x00, 0x00, 0x00, 0x00, 0x00, 0x01, 0x02, 0x07, 0x00, 0x01, 0x00, 0x00, 0x00, 0x00, 0x00, 
	0x00, 0x00, 0x00, 0x00, 0x00, 0x80, 0x00, 0x00, 0x03, 0x01, 0x02, 0x00, 0x00, 0x00, 0x00, 0x00, 
	0x00, 0x00, 0x00, 0x00, 0x00, 0x40, 0x00, 0x00, 0x00, 0x00, 0x04, 0x00, 0x00, 0x00, 0x00, 0x00, 
	0x00, 0x00, 0x00, 0x00, 0x00, 0x20, 0x10, 0x00, 0x00, 0x00, 0x08, 0x00, 0x00, 0x00, 0x00, 0x00, 
	0x00, 0x00, 0x00, 0x00, 0x00, 0x10, 0x18, 0x00, 0x00, 0xe0, 0x10, 0x00, 0x00, 0x00, 0x00, 0x00, 
	0x00, 0x00, 0x00, 0x00, 0x00, 0x08, 0x10, 0x00, 0x00, 0x40, 0x20, 0x00, 0x00, 0x00, 0x00, 0x00, 
	0x00, 0x00, 0x00, 0x00, 0x00, 0x08, 0x40, 0x00, 0x00, 0x00, 0x20, 0x00, 0x00, 0x00, 0x00, 0x00, 
	0x00, 0x00, 0x00, 0x00, 0x00, 0x04, 0xe0, 0x03, 0x00, 0x00, 0x40, 0x00, 0x00, 0x00, 0x00, 0x00, 
	0x00, 0x00, 0x00, 0x00, 0x00, 0x04, 0xe0, 0x01, 0x00, 0x00, 0x40, 0x00, 0x00, 0x00, 0x00, 0x00, 
	0x00, 0x00, 0x00, 0x00, 0x00, 0x02, 0xe0, 0x00, 0x00, 0x00, 0x80, 0x00, 0x00, 0x00, 0x00, 0x00, 
	0x00, 0x00, 0x00, 0x00, 0x00, 0x42, 0x60, 0x01, 0x00, 0x00, 0x80, 0x00, 0x00, 0x00, 0x00, 0x00, 
	0x00, 0x00, 0x00, 0x00, 0x00, 0x01, 0x20, 0x02, 0x00, 0x00, 0x04, 0x01, 0x00, 0x00, 0x00, 0x00, 
	0x00, 0x00, 0x00, 0x00, 0x00, 0x01, 0x00, 0x02, 0x00, 0x00, 0x00, 0x01, 0x00, 0x00, 0x00, 0x00, 
	0x00, 0x00, 0x00, 0x00, 0x00, 0x01, 0x00, 0x04, 0x00, 0x00, 0x00, 0x01, 0x00, 0x00, 0x00, 0x00, 
	0x00, 0x00, 0x00, 0x00, 0x00, 0x01, 0x00, 0x08, 0x00, 0x00, 0x00, 0x01, 0x00, 0x00, 0x00, 0x00, 
	0x00, 0x00, 0x00, 0x00, 0x80, 0x00, 0x00, 0x10, 0x00, 0x00, 0x00, 0x02, 0x00, 0x00, 0x00, 0x00, 
	0x00, 0x00, 0x00, 0x00, 0x80, 0x00, 0x00, 0x10, 0x00, 0x00, 0x00, 0x02, 0x00, 0x00, 0x00, 0x00, 
	0x00, 0x00, 0x00, 0x00, 0x80, 0x00, 0x00, 0x20, 0x00, 0x00, 0x00, 0x02, 0x00, 0x00, 0x00, 0x00, 
	0x00, 0x00, 0x00, 0x00, 0x80, 0x30, 0x00, 0x00, 0x01, 0x00, 0x20, 0x02, 0x00, 0x00, 0x00, 0x00, 
	0x00, 0x00, 0x00, 0x00, 0x80, 0x78, 0x00, 0x80, 0x03, 0x00, 0x30, 0x02, 0x00, 0x00, 0x00, 0x00, 
	0x00, 0x00, 0x00, 0x00, 0x80, 0x78, 0x00, 0x80, 0x03, 0x00, 0x78, 0x02, 0x00, 0x00, 0x00, 0x00, 
	0x00, 0x00, 0x00, 0x00, 0x80, 0x78, 0x00, 0x00, 0x01, 0x00, 0x38, 0x02, 0x00, 0x00, 0x00, 0x00, 
	0x00, 0x00, 0x00, 0x00, 0x80, 0x20, 0x00, 0x00, 0x00, 0x00, 0x10, 0x02, 0x00, 0x00, 0x00, 0x00, 
	0x00, 0x00, 0x00, 0x00, 0x80, 0x00, 0x00, 0x00, 0x02, 0x00, 0x00, 0x02, 0x00, 0x00, 0x00, 0x00, 
	0x00, 0x00, 0x00, 0x00, 0x00, 0x01, 0x00, 0x00, 0x04, 0x00, 0x00, 0x01, 0x00, 0x00, 0x00, 0x00, 
	0x00, 0x00, 0x00, 0x00, 0x00, 0x01, 0x00, 0x00, 0x04, 0x00, 0x00, 0x01, 0x00, 0x00, 0x00, 0x00, 
	0x00, 0x00, 0x00, 0x00, 0x00, 0x01, 0x00, 0x00, 0x08, 0x00, 0x00, 0x01, 0x00, 0x00, 0x00, 0x00, 
	0x00, 0x00, 0x00, 0x00, 0x00, 0x01, 0x00, 0x00, 0x08, 0x00, 0x00, 0x01, 0x00, 0x00, 0x00, 0x00, 
	0x00, 0x00, 0x00, 0x00, 0x00, 0x42, 0x00, 0x00, 0x10, 0x00, 0x80, 0x00, 0x00, 0x00, 0x00, 0x00, 
	0x00, 0x00, 0x00, 0x00, 0x00, 0x02, 0x00, 0x00, 0x10, 0x00, 0x84, 0x00, 0x00, 0x00, 0x00, 0x00, 
	0x00, 0x00, 0x00, 0x00, 0x00, 0x04, 0x00, 0x00, 0x20, 0x00, 0x40, 0x00, 0x00, 0x00, 0x00, 0x00, 
	0x00, 0x00, 0x00, 0x00, 0x00, 0x04, 0x00, 0x00, 0xa0, 0x00, 0x40, 0x00, 0x00, 0x00, 0x00, 0x00, 
	0x00, 0x00, 0x00, 0x00, 0x00, 0x08, 0x00, 0x00, 0xe0, 0x00, 0x20, 0x00, 0x00, 0x00, 0x00, 0x00, 
	0x00, 0x00, 0x00, 0x00, 0x00, 0x08, 0x06, 0x00, 0xf8, 0x00, 0x20, 0x00, 0x00, 0x00, 0x00, 0x00, 
	0x00, 0x00, 0x00, 0x00, 0x00, 0x10, 0x0c, 0x00, 0xe0, 0x20, 0x10, 0x00, 0x00, 0x00, 0x00, 0x00, 
	0x00, 0x00, 0x00, 0x00, 0x00, 0x20, 0x00, 0x00, 0x80, 0x30, 0x08, 0x00, 0x00, 0x00, 0x00, 0x00, 
	0x00, 0x00, 0x00, 0x00, 0x00, 0x40, 0x00, 0x00, 0x00, 0x00, 0x04, 0x00, 0x00, 0x00, 0x00, 0x00, 
	0x00, 0x00, 0x00, 0x00, 0x00, 0x80, 0x00, 0x00, 0x00, 0x00, 0x02, 0x00, 0x00, 0x00, 0x00, 0x00, 
	0x00, 0x00, 0x00, 0x00, 0x00, 0x00, 0x81, 0x00, 0x03, 0x00, 0x01, 0x00, 0x00, 0x00, 0x00, 0x00, 
	0x00, 0x00, 0x00, 0x00, 0x00, 0x00, 0x02, 0x80, 0x83, 0x80, 0x00, 0x00, 0x00, 0x00, 0x00, 0x00, 
	0x00, 0x00, 0x00, 0x00, 0x00, 0x00, 0x0c, 0xc0, 0x03, 0x60, 0x00, 0x00, 0x00, 0x00, 0x00, 0x00, 
	0x00, 0x00, 0x00, 0x00, 0x00, 0x00, 0x30, 0x80, 0x01, 0x18, 0x00, 0x00, 0x00, 0x00, 0x00, 0x00, 
	0x00, 0x00, 0x00, 0x00, 0x00, 0x00, 0xc0, 0x00, 0x00, 0x06, 0x00, 0x00, 0x00, 0x00, 0x00, 0x00, 
	0x00, 0x00, 0x00, 0x00, 0x00, 0x00, 0x00, 0x0f, 0xe0, 0x01, 0x00, 0x00, 0x00, 0x00, 0x00, 0x00, 
	0x00, 0x00, 0x00, 0x00, 0x00, 0x00, 0x00, 0xf0, 0x1f, 0x00, 0x00, 0x00, 0x00, 0x00, 0x00, 0x00, 
	0x00, 0x00, 0x00, 0x00, 0x00, 0x00, 0x00, 0x00, 0x00, 0x00, 0x00, 0x00, 0x00, 0x00, 0x00, 0x00, 
	0x00, 0x00, 0x00, 0x00, 0x00, 0x00, 0x00, 0x00, 0x00, 0x00, 0x00, 0x00, 0x00, 0x00, 0x00, 0x00, 
	0x00, 0x00, 0x00, 0x00, 0x00, 0x00, 0x00, 0x00, 0x00, 0x00, 0x00, 0x00, 0x00, 0x00, 0x00, 0x00, 
	0x00, 0x00, 0x00, 0x00, 0x00, 0x00, 0x00, 0x00, 0x00, 0x00, 0x00, 0x00, 0x00, 0x00, 0x00, 0x00, 
	0x00, 0x00, 0x00, 0x00, 0x00, 0x00, 0x00, 0x00, 0x00, 0x00, 0x00, 0x00, 0x00, 0x00, 0x00, 0x00, 
	0x00, 0x00, 0x00, 0x00, 0x00, 0x00, 0x00, 0x00, 0x00, 0x00, 0x00, 0x00, 0x00, 0x00, 0x00, 0x00
};
// 'clk13', 128x64px
const unsigned char cclk13 []  = {
	0x00, 0x00, 0x00, 0x00, 0x00, 0x00, 0x00, 0x00, 0x00, 0x00, 0x00, 0x00, 0x00, 0x00, 0x00, 0x00, 
	0x00, 0x00, 0x00, 0x00, 0x00, 0x00, 0x00, 0x00, 0x00, 0x00, 0x00, 0x00, 0x00, 0x00, 0x00, 0x00, 
	0x00, 0x00, 0x00, 0x00, 0x00, 0x00, 0x00, 0x00, 0x00, 0x00, 0x00, 0x00, 0x00, 0x00, 0x00, 0x00, 
	0x00, 0x00, 0x00, 0x00, 0x00, 0x00, 0x00, 0x00, 0x00, 0x00, 0x00, 0x00, 0x00, 0x00, 0x00, 0x00, 
	0x00, 0x00, 0x00, 0x00, 0x00, 0x00, 0x00, 0x00, 0x00, 0x00, 0x00, 0x00, 0x00, 0x00, 0x00, 0x00, 
	0x00, 0x00, 0x00, 0x00, 0x00, 0x00, 0x00, 0x00, 0x00, 0x00, 0x00, 0x00, 0x00, 0x00, 0x00, 0x00, 
	0x00, 0x00, 0x00, 0x00, 0x00, 0x00, 0x00, 0x00, 0x00, 0x00, 0x00, 0x00, 0x00, 0x00, 0x00, 0x00, 
	0x00, 0x00, 0x00, 0x00, 0x00, 0x00, 0x00, 0xf0, 0x1f, 0x00, 0x00, 0x00, 0x00, 0x00, 0x00, 0x00, 
	0x00, 0x00, 0x00, 0x00, 0x00, 0x00, 0x00, 0x0f, 0xe0, 0x01, 0x00, 0x00, 0x00, 0x00, 0x00, 0x00, 
	0x00, 0x00, 0x00, 0x00, 0x00, 0x00, 0xc0, 0x00, 0x02, 0x06, 0x00, 0x00, 0x00, 0x00, 0x00, 0x00, 
	0x00, 0x00, 0x00, 0x00, 0x00, 0x00, 0x30, 0x00, 0x03, 0x18, 0x00, 0x00, 0x00, 0x00, 0x00, 0x00, 
	0x00, 0x00, 0x00, 0x00, 0x00, 0x00, 0x0c, 0x80, 0x07, 0x60, 0x00, 0x00, 0x00, 0x00, 0x00, 0x00, 
	0x00, 0x00, 0x00, 0x00, 0x00, 0x00, 0x02, 0x80, 0x07, 0x80, 0x00, 0x00, 0x00, 0x00, 0x00, 0x00, 
	0x00, 0x00, 0x00, 0x00, 0x00, 0x00, 0x01, 0x02, 0x07, 0x00, 0x01, 0x00, 0x00, 0x00, 0x00, 0x00, 
	0x00, 0x00, 0x00, 0x00, 0x00, 0x80, 0x00, 0x00, 0x03, 0x01, 0x02, 0x00, 0x00, 0x00, 0x00, 0x00, 
	0x00, 0x00, 0x00, 0x00, 0x00, 0x40, 0x00, 0x00, 0x00, 0x00, 0x04, 0x00, 0x00, 0x00, 0x00, 0x00, 
	0x00, 0x00, 0x00, 0x00, 0x00, 0x20, 0x10, 0x00, 0x00, 0x00, 0x08, 0x00, 0x00, 0x00, 0x00, 0x00, 
	0x00, 0x00, 0x00, 0x00, 0x00, 0x10, 0x18, 0x00, 0x00, 0xe0, 0x10, 0x00, 0x00, 0x00, 0x00, 0x00, 
	0x00, 0x00, 0x00, 0x00, 0x00, 0x08, 0x10, 0x00, 0x00, 0x40, 0x20, 0x00, 0x00, 0x00, 0x00, 0x00, 
	0x00, 0x00, 0x00, 0x00, 0x00, 0x08, 0x00, 0x00, 0x00, 0x00, 0x20, 0x00, 0x00, 0x00, 0x00, 0x00, 
	0x00, 0x00, 0x00, 0x00, 0x00, 0x04, 0x00, 0x00, 0x00, 0x00, 0x40, 0x00, 0x00, 0x00, 0x00, 0x00, 
	0x00, 0x00, 0x00, 0x00, 0x00, 0x04, 0x00, 0x00, 0x00, 0x00, 0x40, 0x00, 0x00, 0x00, 0x00, 0x00, 
	0x00, 0x00, 0x00, 0x00, 0x00, 0x02, 0x00, 0x00, 0x00, 0x00, 0x80, 0x00, 0x00, 0x00, 0x00, 0x00, 
	0x00, 0x00, 0x00, 0x00, 0x00, 0x42, 0x00, 0x00, 0x00, 0xfc, 0x83, 0x00, 0x00, 0x00, 0x00, 0x00, 
	0x00, 0x00, 0x00, 0x00, 0x00, 0x01, 0x00, 0x00, 0x00, 0xf8, 0x03, 0x01, 0x00, 0x00, 0x00, 0x00, 
	0x00, 0x00, 0x00, 0x00, 0x00, 0x01, 0x00, 0x00, 0x00, 0xf0, 0x01, 0x01, 0x00, 0x00, 0x00, 0x00, 
	0x00, 0x00, 0x00, 0x00, 0x00, 0x01, 0x00, 0x00, 0x00, 0xf0, 0x01, 0x01, 0x00, 0x00, 0x00, 0x00, 
	0x00, 0x00, 0x00, 0x00, 0x00, 0x01, 0x00, 0x00, 0x00, 0xe4, 0x00, 0x01, 0x00, 0x00, 0x00, 0x00, 
	0x00, 0x00, 0x00, 0x00, 0x80, 0x00, 0x00, 0x00, 0x00, 0x43, 0x00, 0x02, 0x00, 0x00, 0x00, 0x00, 
	0x00, 0x00, 0x00, 0x00, 0x80, 0x00, 0x00, 0x00, 0xe0, 0x00, 0x00, 0x02, 0x00, 0x00, 0x00, 0x00, 
	0x00, 0x00, 0x00, 0x00, 0x80, 0x00, 0x00, 0x00, 0x10, 0x00, 0x00, 0x02, 0x00, 0x00, 0x00, 0x00, 
	0x00, 0x00, 0x00, 0x00, 0x80, 0x30, 0x00, 0x00, 0x09, 0x00, 0x20, 0x02, 0x00, 0x00, 0x00, 0x00, 
	0x00, 0x00, 0x00, 0x00, 0x80, 0x78, 0x00, 0x80, 0x03, 0x00, 0x30, 0x02, 0x00, 0x00, 0x00, 0x00, 
	0x00, 0x00, 0x00, 0x00, 0x80, 0x78, 0x00, 0x80, 0x03, 0x00, 0x78, 0x02, 0x00, 0x00, 0x00, 0x00, 
	0x00, 0x00, 0x00, 0x00, 0x80, 0x78, 0x00, 0x00, 0x01, 0x00, 0x38, 0x02, 0x00, 0x00, 0x00, 0x00, 
	0x00, 0x00, 0x00, 0x00, 0x80, 0x20, 0x00, 0x00, 0x00, 0x00, 0x10, 0x02, 0x00, 0x00, 0x00, 0x00, 
	0x00, 0x00, 0x00, 0x00, 0x80, 0x00, 0x00, 0x00, 0x00, 0x00, 0x00, 0x02, 0x00, 0x00, 0x00, 0x00, 
	0x00, 0x00, 0x00, 0x00, 0x00, 0x01, 0x00, 0x00, 0x01, 0x00, 0x00, 0x01, 0x00, 0x00, 0x00, 0x00, 
	0x00, 0x00, 0x00, 0x00, 0x00, 0x01, 0x00, 0x00, 0x01, 0x00, 0x00, 0x01, 0x00, 0x00, 0x00, 0x00, 
	0x00, 0x00, 0x00, 0x00, 0x00, 0x01, 0x00, 0x00, 0x01, 0x00, 0x00, 0x01, 0x00, 0x00, 0x00, 0x00, 
	0x00, 0x00, 0x00, 0x00, 0x00, 0x01, 0x00, 0x00, 0x01, 0x00, 0x00, 0x01, 0x00, 0x00, 0x00, 0x00, 
	0x00, 0x00, 0x00, 0x00, 0x00, 0x42, 0x00, 0x00, 0x01, 0x00, 0x80, 0x00, 0x00, 0x00, 0x00, 0x00, 
	0x00, 0x00, 0x00, 0x00, 0x00, 0x02, 0x00, 0x00, 0x01, 0x00, 0x84, 0x00, 0x00, 0x00, 0x00, 0x00, 
	0x00, 0x00, 0x00, 0x00, 0x00, 0x04, 0x00, 0x00, 0x01, 0x00, 0x40, 0x00, 0x00, 0x00, 0x00, 0x00, 
	0x00, 0x00, 0x00, 0x00, 0x00, 0x04, 0x00, 0x00, 0x01, 0x00, 0x40, 0x00, 0x00, 0x00, 0x00, 0x00, 
	0x00, 0x00, 0x00, 0x00, 0x00, 0x08, 0x00, 0x00, 0x05, 0x00, 0x20, 0x00, 0x00, 0x00, 0x00, 0x00, 
	0x00, 0x00, 0x00, 0x00, 0x00, 0x08, 0x06, 0xc0, 0x07, 0x00, 0x20, 0x00, 0x00, 0x00, 0x00, 0x00, 
	0x00, 0x00, 0x00, 0x00, 0x00, 0x10, 0x0c, 0x80, 0x03, 0x20, 0x10, 0x00, 0x00, 0x00, 0x00, 0x00, 
	0x00, 0x00, 0x00, 0x00, 0x00, 0x20, 0x00, 0x00, 0x03, 0x30, 0x08, 0x00, 0x00, 0x00, 0x00, 0x00, 
	0x00, 0x00, 0x00, 0x00, 0x00, 0x40, 0x00, 0x00, 0x02, 0x00, 0x04, 0x00, 0x00, 0x00, 0x00, 0x00, 
	0x00, 0x00, 0x00, 0x00, 0x00, 0x80, 0x00, 0x00, 0x00, 0x00, 0x02, 0x00, 0x00, 0x00, 0x00, 0x00, 
	0x00, 0x00, 0x00, 0x00, 0x00, 0x00, 0x81, 0x00, 0x03, 0x00, 0x01, 0x00, 0x00, 0x00, 0x00, 0x00, 
	0x00, 0x00, 0x00, 0x00, 0x00, 0x00, 0x02, 0x80, 0x83, 0x80, 0x00, 0x00, 0x00, 0x00, 0x00, 0x00, 
	0x00, 0x00, 0x00, 0x00, 0x00, 0x00, 0x0c, 0xc0, 0x03, 0x60, 0x00, 0x00, 0x00, 0x00, 0x00, 0x00, 
	0x00, 0x00, 0x00, 0x00, 0x00, 0x00, 0x30, 0x80, 0x01, 0x18, 0x00, 0x00, 0x00, 0x00, 0x00, 0x00, 
	0x00, 0x00, 0x00, 0x00, 0x00, 0x00, 0xc0, 0x00, 0x00, 0x06, 0x00, 0x00, 0x00, 0x00, 0x00, 0x00, 
	0x00, 0x00, 0x00, 0x00, 0x00, 0x00, 0x00, 0x0f, 0xe0, 0x01, 0x00, 0x00, 0x00, 0x00, 0x00, 0x00, 
	0x00, 0x00, 0x00, 0x00, 0x00, 0x00, 0x00, 0xf0, 0x1f, 0x00, 0x00, 0x00, 0x00, 0x00, 0x00, 0x00, 
	0x00, 0x00, 0x00, 0x00, 0x00, 0x00, 0x00, 0x00, 0x00, 0x00, 0x00, 0x00, 0x00, 0x00, 0x00, 0x00, 
	0x00, 0x00, 0x00, 0x00, 0x00, 0x00, 0x00, 0x00, 0x00, 0x00, 0x00, 0x00, 0x00, 0x00, 0x00, 0x00, 
	0x00, 0x00, 0x00, 0x00, 0x00, 0x00, 0x00, 0x00, 0x00, 0x00, 0x00, 0x00, 0x00, 0x00, 0x00, 0x00, 
	0x00, 0x00, 0x00, 0x00, 0x00, 0x00, 0x00, 0x00, 0x00, 0x00, 0x00, 0x00, 0x00, 0x00, 0x00, 0x00, 
	0x00, 0x00, 0x00, 0x00, 0x00, 0x00, 0x00, 0x00, 0x00, 0x00, 0x00, 0x00, 0x00, 0x00, 0x00, 0x00, 
	0x00, 0x00, 0x00, 0x00, 0x00, 0x00, 0x00, 0x00, 0x00, 0x00, 0x00, 0x00, 0x00, 0x00, 0x00, 0x00
};
// 'clk14', 128x64px
const unsigned char cclk14 []  = {
	0x00, 0x00, 0x00, 0x00, 0x00, 0x00, 0x00, 0x00, 0x00, 0x00, 0x00, 0x00, 0x00, 0x00, 0x00, 0x00, 
	0x00, 0x00, 0x00, 0x00, 0x00, 0x00, 0x00, 0x00, 0x00, 0x00, 0x00, 0x00, 0x00, 0x00, 0x00, 0x00, 
	0x00, 0x00, 0x00, 0x00, 0x00, 0x00, 0x00, 0x00, 0x00, 0x00, 0x00, 0x00, 0x00, 0x00, 0x00, 0x00, 
	0x00, 0x00, 0x00, 0x00, 0x00, 0x00, 0x00, 0x00, 0x00, 0x00, 0x00, 0x00, 0x00, 0x00, 0x00, 0x00, 
	0x00, 0x00, 0x00, 0x00, 0x00, 0x00, 0x00, 0x00, 0x00, 0x00, 0x00, 0x00, 0x00, 0x00, 0x00, 0x00, 
	0x00, 0x00, 0x00, 0x00, 0x00, 0x00, 0x00, 0x00, 0x00, 0x00, 0x00, 0x00, 0x00, 0x00, 0x00, 0x00, 
	0x00, 0x00, 0x00, 0x00, 0x00, 0x00, 0x00, 0x00, 0x00, 0x00, 0x00, 0x00, 0x00, 0x00, 0x00, 0x00, 
	0x00, 0x00, 0x00, 0x00, 0x00, 0x00, 0x00, 0xf0, 0x1f, 0x00, 0x00, 0x00, 0x00, 0x00, 0x00, 0x00, 
	0x00, 0x00, 0x00, 0x00, 0x00, 0x00, 0x00, 0x0f, 0xe0, 0x01, 0x00, 0x00, 0x00, 0x00, 0x00, 0x00, 
	0x00, 0x00, 0x00, 0x00, 0x00, 0x00, 0xc0, 0x00, 0x02, 0x06, 0x00, 0x00, 0x00, 0x00, 0x00, 0x00, 
	0x00, 0x00, 0x00, 0x00, 0x00, 0x00, 0x30, 0x00, 0x03, 0x18, 0x00, 0x00, 0x00, 0x00, 0x00, 0x00, 
	0x00, 0x00, 0x00, 0x00, 0x00, 0x00, 0x0c, 0x80, 0x07, 0x60, 0x00, 0x00, 0x00, 0x00, 0x00, 0x00, 
	0x00, 0x00, 0x00, 0x00, 0x00, 0x00, 0x02, 0x80, 0x07, 0x80, 0x00, 0x00, 0x00, 0x00, 0x00, 0x00, 
	0x00, 0x00, 0x00, 0x00, 0x00, 0x00, 0x01, 0x02, 0x07, 0x00, 0x01, 0x00, 0x00, 0x00, 0x00, 0x00, 
	0x00, 0x00, 0x00, 0x00, 0x00, 0x80, 0x00, 0x00, 0x03, 0x01, 0x02, 0x00, 0x00, 0x00, 0x00, 0x00, 
	0x00, 0x00, 0x00, 0x00, 0x00, 0x40, 0x00, 0x00, 0x00, 0x00, 0x04, 0x00, 0x00, 0x00, 0x00, 0x00, 
	0x00, 0x00, 0x00, 0x00, 0x00, 0x20, 0x10, 0x00, 0x00, 0x00, 0x08, 0x00, 0x00, 0x00, 0x00, 0x00, 
	0x00, 0x00, 0x00, 0x00, 0x00, 0x10, 0x18, 0x00, 0x00, 0xe0, 0x10, 0x00, 0x00, 0x00, 0x00, 0x00, 
	0x00, 0x00, 0x00, 0x00, 0x00, 0x08, 0x10, 0x00, 0x00, 0x40, 0x20, 0x00, 0x00, 0x00, 0x00, 0x00, 
	0x00, 0x00, 0x00, 0x00, 0x00, 0x08, 0x00, 0x00, 0x00, 0x00, 0x20, 0x00, 0x00, 0x00, 0x00, 0x00, 
	0x00, 0x00, 0x00, 0x00, 0x00, 0x04, 0x00, 0x00, 0x00, 0x00, 0x40, 0x00, 0x00, 0x00, 0x00, 0x00, 
	0x00, 0x00, 0x00, 0x00, 0x00, 0x04, 0x00, 0x00, 0x00, 0x00, 0x40, 0x00, 0x00, 0x00, 0x00, 0x00, 
	0x00, 0x00, 0x00, 0x00, 0x00, 0x02, 0x00, 0x00, 0x00, 0x00, 0x80, 0x00, 0x00, 0x00, 0x00, 0x00, 
	0x00, 0x00, 0x00, 0x00, 0x00, 0x42, 0x00, 0x00, 0x00, 0x00, 0x80, 0x00, 0x00, 0x00, 0x00, 0x00, 
	0x00, 0x00, 0x00, 0x00, 0x00, 0x01, 0x00, 0x00, 0x00, 0x00, 0x04, 0x01, 0x00, 0x00, 0x00, 0x00, 
	0x00, 0x00, 0x00, 0x00, 0x00, 0x01, 0x00, 0x00, 0x00, 0x00, 0x00, 0x01, 0x00, 0x00, 0x00, 0x00, 
	0x00, 0x00, 0x00, 0x00, 0x00, 0x01, 0x00, 0x00, 0x00, 0x00, 0x00, 0x01, 0x00, 0x00, 0x00, 0x00, 
	0x00, 0x00, 0x00, 0x00, 0x00, 0x01, 0x00, 0x00, 0x00, 0x00, 0x00, 0x01, 0x00, 0x00, 0x00, 0x00, 
	0x00, 0x00, 0x00, 0x00, 0x80, 0x00, 0x00, 0x00, 0x00, 0x00, 0x00, 0x02, 0x00, 0x00, 0x00, 0x00, 
	0x00, 0x00, 0x00, 0x00, 0x80, 0x00, 0x00, 0x00, 0x00, 0x00, 0x00, 0x02, 0x00, 0x00, 0x00, 0x00, 
	0x00, 0x00, 0x00, 0x00, 0x80, 0x00, 0x00, 0x00, 0x00, 0x00, 0x00, 0x02, 0x00, 0x00, 0x00, 0x00, 
	0x00, 0x00, 0x00, 0x00, 0x80, 0x30, 0x00, 0x00, 0x01, 0x00, 0x20, 0x02, 0x00, 0x00, 0x00, 0x00, 
	0x00, 0x00, 0x00, 0x00, 0x80, 0x78, 0x00, 0x80, 0x03, 0x00, 0x30, 0x02, 0x00, 0x00, 0x00, 0x00, 
	0x00, 0x00, 0x00, 0x00, 0x80, 0x78, 0x00, 0x80, 0x03, 0x00, 0x78, 0x02, 0x00, 0x00, 0x00, 0x00, 
	0x00, 0x00, 0x00, 0x00, 0x80, 0x78, 0x00, 0x00, 0x01, 0x00, 0x38, 0x02, 0x00, 0x00, 0x00, 0x00, 
	0x00, 0x00, 0x00, 0x00, 0x80, 0x20, 0x00, 0x00, 0x00, 0x00, 0x10, 0x02, 0x00, 0x00, 0x00, 0x00, 
	0x00, 0x00, 0x00, 0x00, 0x80, 0x00, 0x00, 0x00, 0x00, 0x00, 0x00, 0x02, 0x00, 0x00, 0x00, 0x00, 
	0x00, 0x00, 0x00, 0x00, 0x00, 0x01, 0x00, 0x00, 0x01, 0x00, 0x00, 0x01, 0x00, 0x00, 0x00, 0x00, 
	0x00, 0x00, 0x00, 0x00, 0x00, 0x01, 0x00, 0x00, 0x01, 0x00, 0x00, 0x01, 0x00, 0x00, 0x00, 0x00, 
	0x00, 0x00, 0x00, 0x00, 0x00, 0x01, 0x00, 0xe0, 0x0f, 0x00, 0x00, 0x01, 0x00, 0x00, 0x00, 0x00, 
	0x00, 0x00, 0x00, 0x00, 0x00, 0x01, 0x00, 0xc0, 0x07, 0x00, 0x00, 0x01, 0x00, 0x00, 0x00, 0x00, 
	0x00, 0x00, 0x00, 0x00, 0x00, 0x42, 0x00, 0x80, 0x03, 0x00, 0x80, 0x00, 0x00, 0x00, 0x00, 0x00, 
	0x00, 0x00, 0x00, 0x00, 0x00, 0x02, 0x00, 0x80, 0x03, 0x00, 0x84, 0x00, 0x00, 0x00, 0x00, 0x00, 
	0x00, 0x00, 0x00, 0x00, 0x00, 0x04, 0x00, 0x00, 0x01, 0x00, 0x40, 0x00, 0x00, 0x00, 0x00, 0x00, 
	0x00, 0x00, 0x00, 0x00, 0x00, 0x04, 0x00, 0x00, 0x01, 0x00, 0x40, 0x00, 0x00, 0x00, 0x00, 0x00, 
	0x00, 0x00, 0x00, 0x00, 0x00, 0x08, 0x00, 0x00, 0x01, 0x00, 0x20, 0x00, 0x00, 0x00, 0x00, 0x00, 
	0x00, 0x00, 0x00, 0x00, 0x00, 0x08, 0x06, 0x00, 0x01, 0x00, 0x20, 0x00, 0x00, 0x00, 0x00, 0x00, 
	0x00, 0x00, 0x00, 0x00, 0x00, 0x10, 0x0c, 0x00, 0x01, 0x20, 0x10, 0x00, 0x00, 0x00, 0x00, 0x00, 
	0x00, 0x00, 0x00, 0x00, 0x00, 0x20, 0x00, 0xe0, 0x1f, 0x30, 0x08, 0x00, 0x00, 0x00, 0x00, 0x00, 
	0x00, 0x00, 0x00, 0x00, 0x00, 0x40, 0x00, 0xe0, 0x0f, 0x00, 0x04, 0x00, 0x00, 0x00, 0x00, 0x00, 
	0x00, 0x00, 0x00, 0x00, 0x00, 0x80, 0x00, 0xc0, 0x07, 0x00, 0x02, 0x00, 0x00, 0x00, 0x00, 0x00, 
	0x00, 0x00, 0x00, 0x00, 0x00, 0x00, 0x81, 0x00, 0x03, 0x00, 0x01, 0x00, 0x00, 0x00, 0x00, 0x00, 
	0x00, 0x00, 0x00, 0x00, 0x00, 0x00, 0x02, 0x80, 0x83, 0x80, 0x00, 0x00, 0x00, 0x00, 0x00, 0x00, 
	0x00, 0x00, 0x00, 0x00, 0x00, 0x00, 0x0c, 0xc0, 0x03, 0x60, 0x00, 0x00, 0x00, 0x00, 0x00, 0x00, 
	0x00, 0x00, 0x00, 0x00, 0x00, 0x00, 0x30, 0x80, 0x01, 0x18, 0x00, 0x00, 0x00, 0x00, 0x00, 0x00, 
	0x00, 0x00, 0x00, 0x00, 0x00, 0x00, 0xc0, 0x00, 0x00, 0x06, 0x00, 0x00, 0x00, 0x00, 0x00, 0x00, 
	0x00, 0x00, 0x00, 0x00, 0x00, 0x00, 0x00, 0x0f, 0xe0, 0x01, 0x00, 0x00, 0x00, 0x00, 0x00, 0x00, 
	0x00, 0x00, 0x00, 0x00, 0x00, 0x00, 0x00, 0xf0, 0x1f, 0x00, 0x00, 0x00, 0x00, 0x00, 0x00, 0x00, 
	0x00, 0x00, 0x00, 0x00, 0x00, 0x00, 0x00, 0x00, 0x00, 0x00, 0x00, 0x00, 0x00, 0x00, 0x00, 0x00, 
	0x00, 0x00, 0x00, 0x00, 0x00, 0x00, 0x00, 0x00, 0x00, 0x00, 0x00, 0x00, 0x00, 0x00, 0x00, 0x00, 
	0x00, 0x00, 0x00, 0x00, 0x00, 0x00, 0x00, 0x00, 0x00, 0x00, 0x00, 0x00, 0x00, 0x00, 0x00, 0x00, 
	0x00, 0x00, 0x00, 0x00, 0x00, 0x00, 0x00, 0x00, 0x00, 0x00, 0x00, 0x00, 0x00, 0x00, 0x00, 0x00, 
	0x00, 0x00, 0x00, 0x00, 0x00, 0x00, 0x00, 0x00, 0x00, 0x00, 0x00, 0x00, 0x00, 0x00, 0x00, 0x00, 
	0x00, 0x00, 0x00, 0x00, 0x00, 0x00, 0x00, 0x00, 0x00, 0x00, 0x00, 0x00, 0x00, 0x00, 0x00, 0x00
};
// 'clk15', 128x64px
const unsigned char cclk15 []  = {
	0x00, 0x00, 0x00, 0x00, 0x00, 0x00, 0x00, 0x00, 0x00, 0x00, 0x00, 0x00, 0x00, 0x00, 0x00, 0x00, 
	0x00, 0x00, 0x00, 0x00, 0x00, 0x00, 0x00, 0x00, 0x00, 0x00, 0x00, 0x00, 0x00, 0x00, 0x00, 0x00, 
	0x00, 0x00, 0x00, 0x00, 0x00, 0x00, 0x00, 0x00, 0x00, 0x00, 0x00, 0x00, 0x00, 0x00, 0x00, 0x00, 
	0x00, 0x00, 0x00, 0x00, 0x00, 0x00, 0x00, 0x00, 0x00, 0x00, 0x00, 0x00, 0x00, 0x00, 0x00, 0x00, 
	0x00, 0x00, 0x00, 0x00, 0x00, 0x00, 0x00, 0x00, 0x00, 0x00, 0x00, 0x00, 0x00, 0x00, 0x00, 0x00, 
	0x00, 0x00, 0x00, 0x00, 0x00, 0x00, 0x00, 0x00, 0x00, 0x00, 0x00, 0x00, 0x00, 0x00, 0x00, 0x00, 
	0x00, 0x00, 0x00, 0x00, 0x00, 0x00, 0x00, 0x00, 0x00, 0x00, 0x00, 0x00, 0x00, 0x00, 0x00, 0x00, 
	0x00, 0x00, 0x00, 0x00, 0x00, 0x00, 0x00, 0xf0, 0x1f, 0x00, 0x00, 0x00, 0x00, 0x00, 0x00, 0x00, 
	0x00, 0x00, 0x00, 0x00, 0x00, 0x00, 0x00, 0x0f, 0xe0, 0x01, 0x00, 0x00, 0x00, 0x00, 0x00, 0x00, 
	0x00, 0x00, 0x00, 0x00, 0x00, 0x00, 0xc0, 0x00, 0x02, 0x06, 0x00, 0x00, 0x00, 0x00, 0x00, 0x00, 
	0x00, 0x00, 0x00, 0x00, 0x00, 0x00, 0x30, 0x00, 0x03, 0x18, 0x00, 0x00, 0x00, 0x00, 0x00, 0x00, 
	0x00, 0x00, 0x00, 0x00, 0x00, 0x00, 0x0c, 0x80, 0x07, 0x60, 0x00, 0x00, 0x00, 0x00, 0x00, 0x00, 
	0x00, 0x00, 0x00, 0x00, 0x00, 0x00, 0x02, 0x80, 0x07, 0x80, 0x00, 0x00, 0x00, 0x00, 0x00, 0x00, 
	0x00, 0x00, 0x00, 0x00, 0x00, 0x00, 0x01, 0x02, 0x07, 0x00, 0x01, 0x00, 0x00, 0x00, 0x00, 0x00, 
	0x00, 0x00, 0x00, 0x00, 0x00, 0x80, 0x00, 0x00, 0x03, 0x01, 0x02, 0x00, 0x00, 0x00, 0x00, 0x00, 
	0x00, 0x00, 0x00, 0x00, 0x00, 0x40, 0x00, 0x00, 0x00, 0x00, 0x04, 0x00, 0x00, 0x00, 0x00, 0x00, 
	0x00, 0x00, 0x00, 0x00, 0x00, 0x20, 0x10, 0x00, 0x00, 0x00, 0x08, 0x00, 0x00, 0x00, 0x00, 0x00, 
	0x00, 0x00, 0x00, 0x00, 0x00, 0x10, 0x18, 0x00, 0x00, 0xe0, 0x10, 0x00, 0x00, 0x00, 0x00, 0x00, 
	0x00, 0x00, 0x00, 0x00, 0x00, 0x08, 0x10, 0x00, 0x00, 0x40, 0x20, 0x00, 0x00, 0x00, 0x00, 0x00, 
	0x00, 0x00, 0x00, 0x00, 0x00, 0x08, 0x00, 0x00, 0x00, 0x00, 0x20, 0x00, 0x00, 0x00, 0x00, 0x00, 
	0x00, 0x00, 0x00, 0x00, 0x00, 0x04, 0x00, 0x00, 0x00, 0x00, 0x40, 0x00, 0x00, 0x00, 0x00, 0x00, 
	0x00, 0x00, 0x00, 0x00, 0x00, 0x04, 0x00, 0x00, 0x00, 0x00, 0x40, 0x00, 0x00, 0x00, 0x00, 0x00, 
	0x00, 0x00, 0x00, 0x00, 0x00, 0x02, 0x00, 0x00, 0x00, 0x00, 0x80, 0x00, 0x00, 0x00, 0x00, 0x00, 
	0x00, 0x00, 0x00, 0x00, 0x00, 0x42, 0x00, 0x00, 0x00, 0x00, 0x80, 0x00, 0x00, 0x00, 0x00, 0x00, 
	0x00, 0x00, 0x00, 0x00, 0x00, 0x01, 0x00, 0x00, 0x00, 0x00, 0x04, 0x01, 0x00, 0x00, 0x00, 0x00, 
	0x00, 0x00, 0x00, 0x00, 0x00, 0x01, 0x00, 0x00, 0x00, 0x00, 0x00, 0x01, 0x00, 0x00, 0x00, 0x00, 
	0x00, 0x00, 0x00, 0x00, 0x00, 0x01, 0x00, 0x00, 0x00, 0x00, 0x00, 0x01, 0x00, 0x00, 0x00, 0x00, 
	0x00, 0x00, 0x00, 0x00, 0x00, 0x01, 0x00, 0x00, 0x00, 0x00, 0x00, 0x01, 0x00, 0x00, 0x00, 0x00, 
	0x00, 0x00, 0x00, 0x00, 0x80, 0x00, 0x00, 0x00, 0x00, 0x00, 0x00, 0x02, 0x00, 0x00, 0x00, 0x00, 
	0x00, 0x00, 0x00, 0x00, 0x80, 0x00, 0x00, 0x00, 0x00, 0x00, 0x00, 0x02, 0x00, 0x00, 0x00, 0x00, 
	0x00, 0x00, 0x00, 0x00, 0x80, 0x00, 0x00, 0x00, 0x00, 0x00, 0x00, 0x02, 0x00, 0x00, 0x00, 0x00, 
	0x00, 0x00, 0x00, 0x00, 0x80, 0x30, 0x00, 0x00, 0x01, 0x00, 0x20, 0x02, 0x00, 0x00, 0x00, 0x00, 
	0x00, 0x00, 0x00, 0x00, 0x80, 0x78, 0x00, 0x80, 0x03, 0x00, 0x30, 0x02, 0x00, 0x00, 0x00, 0x00, 
	0x00, 0x00, 0x00, 0x00, 0x80, 0x78, 0x00, 0x80, 0x03, 0x00, 0x78, 0x02, 0x00, 0x00, 0x00, 0x00, 
	0x00, 0x00, 0x00, 0x00, 0x80, 0x78, 0x00, 0x00, 0x01, 0x00, 0x38, 0x02, 0x00, 0x00, 0x00, 0x00, 
	0x00, 0x00, 0x00, 0x00, 0x80, 0x20, 0x00, 0x00, 0x00, 0x00, 0x10, 0x02, 0x00, 0x00, 0x00, 0x00, 
	0x00, 0x00, 0x00, 0x00, 0x80, 0x00, 0x00, 0x00, 0x00, 0x00, 0x00, 0x02, 0x00, 0x00, 0x00, 0x00, 
	0x00, 0x00, 0x00, 0x00, 0x00, 0x01, 0x00, 0x00, 0x00, 0x00, 0x00, 0x01, 0x00, 0x00, 0x00, 0x00, 
	0x00, 0x00, 0x00, 0x00, 0x00, 0x01, 0x00, 0x00, 0x00, 0x00, 0x00, 0x01, 0x00, 0x00, 0x00, 0x00, 
	0x00, 0x00, 0x00, 0x00, 0x00, 0x01, 0x00, 0x00, 0x00, 0x00, 0x00, 0x01, 0x00, 0x00, 0x00, 0x00, 
	0x00, 0x00, 0x00, 0x00, 0x00, 0x01, 0x00, 0x00, 0x00, 0x00, 0x00, 0x01, 0x00, 0x00, 0x00, 0x00, 
	0x00, 0x00, 0x00, 0x00, 0x00, 0x42, 0x00, 0x00, 0x00, 0x00, 0x80, 0x00, 0x00, 0x00, 0x00, 0x00, 
	0x00, 0x00, 0x00, 0x00, 0x00, 0x02, 0x00, 0x00, 0x00, 0x00, 0x84, 0x00, 0x00, 0x00, 0x00, 0x00, 
	0x00, 0x00, 0x00, 0x00, 0x00, 0x04, 0x00, 0x00, 0x00, 0x00, 0x40, 0x00, 0x00, 0x00, 0x00, 0x00, 
	0x00, 0x00, 0x00, 0x00, 0x00, 0x04, 0x00, 0x00, 0x00, 0x00, 0x40, 0x00, 0x00, 0x00, 0x00, 0x00, 
	0x00, 0x00, 0x00, 0x00, 0x00, 0x08, 0x00, 0x00, 0x00, 0x00, 0x20, 0x00, 0x00, 0x00, 0x00, 0x00, 
	0x00, 0x00, 0x00, 0x00, 0x00, 0x08, 0x06, 0x00, 0x00, 0x00, 0x20, 0x00, 0x00, 0x00, 0x00, 0x00, 
	0x00, 0x00, 0x00, 0x00, 0x00, 0x10, 0x0c, 0x00, 0x00, 0x20, 0x10, 0x00, 0x00, 0x00, 0x00, 0x00, 
	0x00, 0x00, 0x00, 0x00, 0x00, 0x20, 0x00, 0x00, 0x00, 0x30, 0x08, 0x00, 0x00, 0x00, 0x00, 0x00, 
	0x00, 0x00, 0x00, 0x00, 0x00, 0x40, 0x00, 0x00, 0x00, 0x00, 0x04, 0x00, 0x00, 0x00, 0x00, 0x00, 
	0x00, 0x00, 0x00, 0x00, 0x00, 0x80, 0x00, 0x00, 0x00, 0x00, 0x02, 0x00, 0x00, 0x00, 0x00, 0x00, 
	0x00, 0x00, 0x00, 0x00, 0x00, 0x00, 0x81, 0x00, 0x03, 0x00, 0x01, 0x00, 0x00, 0x00, 0x00, 0x00, 
	0x00, 0x00, 0x00, 0x00, 0x00, 0x00, 0x02, 0x80, 0x83, 0x80, 0x00, 0x00, 0x00, 0x00, 0x00, 0x00, 
	0x00, 0x00, 0x00, 0x00, 0x00, 0x00, 0x0c, 0xc0, 0x03, 0x60, 0x00, 0x00, 0x00, 0x00, 0x00, 0x00, 
	0x00, 0x00, 0x00, 0x00, 0x00, 0x00, 0x30, 0x80, 0x01, 0x18, 0x00, 0x00, 0x00, 0x00, 0x00, 0x00, 
	0x00, 0x00, 0x00, 0x00, 0x00, 0x00, 0xc0, 0x00, 0x00, 0x06, 0x00, 0x00, 0x00, 0x00, 0x00, 0x00, 
	0x00, 0x00, 0x00, 0x00, 0x00, 0x00, 0x00, 0x0f, 0xe0, 0x01, 0x00, 0x00, 0x00, 0x00, 0x00, 0x00, 
	0x00, 0x00, 0x00, 0x00, 0x00, 0x00, 0x00, 0xf0, 0x1f, 0x00, 0x00, 0x00, 0x00, 0x00, 0x00, 0x00, 
	0x00, 0x00, 0x00, 0x00, 0x00, 0x00, 0x00, 0x00, 0x00, 0x00, 0x00, 0x00, 0x00, 0x00, 0x00, 0x00, 
	0x00, 0x00, 0x00, 0x00, 0x00, 0x00, 0x00, 0x00, 0x00, 0x00, 0x00, 0x00, 0x00, 0x00, 0x00, 0x00, 
	0x00, 0x00, 0x00, 0x00, 0x00, 0x00, 0x00, 0x00, 0x00, 0x00, 0x00, 0x00, 0x00, 0x00, 0x00, 0x00, 
	0x00, 0x00, 0x00, 0x00, 0x00, 0x00, 0x00, 0x00, 0x00, 0x00, 0x00, 0x00, 0x00, 0x00, 0x00, 0x00, 
	0x00, 0x00, 0x00, 0x00, 0x00, 0x00, 0x00, 0x00, 0x00, 0x00, 0x00, 0x00, 0x00, 0x00, 0x00, 0x00, 
	0x00, 0x00, 0x00, 0x00, 0x00, 0x00, 0x00, 0x00, 0x00, 0x00, 0x00, 0x00, 0x00, 0x00, 0x00, 0x00
};
// 'clk16', 128x64px
const unsigned char cclk16 []  = {
	0x00, 0x00, 0x00, 0x00, 0x00, 0x00, 0x00, 0x00, 0x00, 0x00, 0x00, 0x00, 0x00, 0x00, 0x00, 0x00, 
	0x00, 0x00, 0x00, 0x00, 0x00, 0x00, 0x00, 0x00, 0x00, 0x00, 0x00, 0x00, 0x00, 0x00, 0x00, 0x00, 
	0x00, 0x00, 0x00, 0x00, 0x00, 0x00, 0x00, 0x00, 0x00, 0x00, 0x00, 0x00, 0x00, 0x00, 0x00, 0x00, 
	0x00, 0x00, 0x00, 0x00, 0x00, 0x00, 0x00, 0x00, 0x00, 0x00, 0x00, 0x00, 0x00, 0x00, 0x00, 0x00, 
	0x00, 0x00, 0x00, 0x00, 0x00, 0x00, 0x00, 0x00, 0x00, 0x00, 0x00, 0x00, 0x00, 0x00, 0x00, 0x00, 
	0x00, 0x00, 0x00, 0x00, 0x00, 0x00, 0x00, 0x00, 0x00, 0x00, 0x00, 0x00, 0x00, 0x00, 0x00, 0x00, 
	0x00, 0x00, 0x00, 0x00, 0x00, 0x00, 0x00, 0x00, 0x00, 0x00, 0x00, 0x00, 0x00, 0x00, 0x00, 0x00, 
	0x00, 0x00, 0x00, 0x00, 0x00, 0x00, 0x00, 0xf0, 0x1f, 0x00, 0x00, 0x00, 0x00, 0x00, 0x00, 0x00, 
	0x00, 0x00, 0x00, 0x00, 0x00, 0x00, 0x00, 0x0f, 0xe0, 0x01, 0x00, 0x00, 0x00, 0x00, 0x00, 0x00, 
	0x00, 0x00, 0x00, 0x00, 0x00, 0x00, 0xc0, 0x00, 0x02, 0x06, 0x00, 0x00, 0x00, 0x00, 0x00, 0x00, 
	0x00, 0x00, 0x00, 0x00, 0x00, 0x00, 0x30, 0x00, 0x03, 0x18, 0x00, 0x00, 0x00, 0x00, 0x00, 0x00, 
	0x00, 0x00, 0x00, 0x00, 0x00, 0x00, 0x0c, 0x80, 0x07, 0x60, 0x00, 0x00, 0x00, 0x00, 0x00, 0x00, 
	0x00, 0x00, 0x00, 0x00, 0x00, 0x00, 0x02, 0x80, 0x07, 0x80, 0x00, 0x00, 0x00, 0x00, 0x00, 0x00, 
	0x00, 0x00, 0x00, 0x00, 0x00, 0x00, 0x01, 0x02, 0x07, 0x00, 0x01, 0x00, 0x00, 0x00, 0x00, 0x00, 
	0x00, 0x00, 0x00, 0x00, 0x00, 0x80, 0x00, 0x00, 0x03, 0x01, 0x02, 0x00, 0x00, 0x00, 0x00, 0x00, 
	0x00, 0x00, 0x00, 0x00, 0x00, 0x40, 0x00, 0x00, 0x00, 0x00, 0x04, 0x00, 0x00, 0x00, 0x00, 0x00, 
	0x00, 0x00, 0x00, 0x00, 0x00, 0x20, 0x10, 0x00, 0x00, 0x00, 0x08, 0x00, 0x00, 0x00, 0x00, 0x00, 
	0x00, 0x00, 0x00, 0x00, 0x00, 0x10, 0x18, 0x00, 0x00, 0xe0, 0x10, 0x00, 0x00, 0x00, 0x00, 0x00, 
	0x00, 0x00, 0x00, 0x00, 0x00, 0x08, 0x10, 0x00, 0x00, 0x40, 0x20, 0x00, 0x00, 0x00, 0x00, 0x00, 
	0x00, 0x00, 0x00, 0x00, 0x00, 0x08, 0x00, 0x00, 0x00, 0x00, 0x20, 0x00, 0x00, 0x00, 0x00, 0x00, 
	0x00, 0x00, 0x00, 0x00, 0x00, 0x04, 0x00, 0x00, 0x00, 0x00, 0x40, 0x00, 0x00, 0x00, 0x00, 0x00, 
	0x00, 0x00, 0x00, 0x00, 0x00, 0x04, 0x00, 0x00, 0x00, 0x00, 0x40, 0x00, 0x00, 0x00, 0x00, 0x00, 
	0x00, 0x00, 0x00, 0x00, 0x00, 0x02, 0x00, 0x00, 0x00, 0x00, 0x80, 0x00, 0x00, 0x00, 0x00, 0x00, 
	0x00, 0x00, 0x00, 0x00, 0x00, 0x42, 0x00, 0x00, 0x00, 0x00, 0x80, 0x00, 0x00, 0x00, 0x00, 0x00, 
	0x00, 0x00, 0x00, 0x00, 0x00, 0x01, 0x00, 0x00, 0x00, 0x00, 0x04, 0x01, 0x00, 0x00, 0x00, 0x00, 
	0x00, 0x00, 0x00, 0x00, 0x00, 0x01, 0x00, 0x00, 0x00, 0x00, 0x00, 0x01, 0x00, 0x00, 0x00, 0x00, 
	0x00, 0x00, 0x00, 0x00, 0x00, 0x01, 0x00, 0x00, 0x00, 0x00, 0x00, 0x01, 0x00, 0x00, 0x00, 0x00, 
	0x00, 0x00, 0x00, 0x00, 0x00, 0x01, 0x00, 0x00, 0x00, 0x00, 0x00, 0x01, 0x00, 0x00, 0x00, 0x00, 
	0x00, 0x00, 0x00, 0x00, 0x80, 0x00, 0x00, 0x00, 0x00, 0x00, 0x00, 0x02, 0x00, 0x00, 0x00, 0x00, 
	0x00, 0x00, 0x00, 0x00, 0x80, 0x00, 0x00, 0x00, 0x00, 0x00, 0x00, 0x02, 0x00, 0x00, 0x00, 0x00, 
	0x00, 0x00, 0x00, 0x00, 0x80, 0x00, 0x00, 0x00, 0x00, 0x00, 0x00, 0x02, 0x00, 0x00, 0x00, 0x00, 
	0x00, 0x00, 0x00, 0x00, 0x80, 0x30, 0x00, 0x00, 0x01, 0x00, 0x20, 0x02, 0x00, 0x00, 0x00, 0x00, 
	0x00, 0x00, 0x00, 0x00, 0x80, 0x78, 0x00, 0x80, 0x03, 0x00, 0x30, 0x02, 0x00, 0x00, 0x00, 0x00, 
	0x00, 0x00, 0x00, 0x00, 0x80, 0x78, 0x00, 0x80, 0x03, 0x00, 0x78, 0x02, 0x00, 0x00, 0x00, 0x00, 
	0x00, 0x00, 0x00, 0x00, 0x80, 0x78, 0x00, 0x00, 0x01, 0x00, 0x38, 0x02, 0x00, 0x00, 0x00, 0x00, 
	0x00, 0x00, 0x00, 0x00, 0x80, 0x20, 0x00, 0x00, 0x00, 0x00, 0x10, 0x02, 0x00, 0x00, 0x00, 0x00, 
	0x00, 0x00, 0x00, 0x00, 0x80, 0x00, 0x00, 0x00, 0x00, 0x00, 0x00, 0x02, 0x00, 0x00, 0x00, 0x00, 
	0x00, 0x00, 0x00, 0x00, 0x00, 0x01, 0x00, 0x00, 0x00, 0x00, 0x00, 0x01, 0x00, 0x00, 0x00, 0x00, 
	0x00, 0x00, 0x00, 0x00, 0x00, 0x01, 0x00, 0x00, 0x00, 0x00, 0x00, 0x01, 0x00, 0x00, 0x00, 0x00, 
	0x00, 0x00, 0x00, 0x00, 0x00, 0x01, 0x00, 0x00, 0x00, 0x00, 0x00, 0x01, 0x00, 0x00, 0x00, 0x00, 
	0x00, 0x00, 0x00, 0x00, 0x00, 0x01, 0x00, 0x00, 0x00, 0x00, 0x00, 0x01, 0x00, 0x00, 0x00, 0x00, 
	0x00, 0x00, 0x00, 0x00, 0x00, 0x42, 0x00, 0x00, 0x00, 0x00, 0x80, 0x00, 0x00, 0x00, 0x00, 0x00, 
	0x00, 0x00, 0x00, 0x00, 0x00, 0x02, 0x00, 0x00, 0x00, 0x00, 0x84, 0x00, 0x00, 0x00, 0x00, 0x00, 
	0x00, 0x00, 0x00, 0x00, 0x00, 0x04, 0x00, 0x00, 0x00, 0x00, 0x40, 0x00, 0x00, 0x00, 0x00, 0x00, 
	0x00, 0x00, 0x00, 0x00, 0x00, 0x04, 0x00, 0x00, 0x00, 0x00, 0x40, 0x00, 0x00, 0x00, 0x00, 0x00, 
	0x00, 0x00, 0x00, 0x00, 0x00, 0x08, 0x00, 0x00, 0x00, 0x00, 0x20, 0x00, 0x00, 0x00, 0x00, 0x00, 
	0x00, 0x00, 0x00, 0x00, 0x00, 0x08, 0x06, 0x00, 0x00, 0x00, 0x20, 0x00, 0x00, 0x00, 0x00, 0x00, 
	0x00, 0x00, 0x00, 0x00, 0x00, 0x10, 0x0c, 0x00, 0x00, 0x20, 0x10, 0x00, 0x00, 0x00, 0x00, 0x00, 
	0x00, 0x00, 0x00, 0x00, 0x00, 0x20, 0x00, 0x00, 0x00, 0x30, 0x08, 0x00, 0x00, 0x00, 0x00, 0x00, 
	0x00, 0x00, 0x00, 0x00, 0x00, 0x40, 0x00, 0x00, 0x00, 0x00, 0x04, 0x00, 0x00, 0x00, 0x00, 0x00, 
	0x00, 0x00, 0x00, 0x00, 0x00, 0x80, 0x00, 0x00, 0x00, 0x00, 0x02, 0x00, 0x00, 0x00, 0x00, 0x00, 
	0x00, 0x00, 0x00, 0x00, 0x00, 0x00, 0x81, 0x00, 0x03, 0x00, 0x01, 0x00, 0x00, 0x00, 0x00, 0x00, 
	0x00, 0x00, 0x00, 0x00, 0x00, 0x00, 0x02, 0x80, 0x83, 0x80, 0x00, 0x00, 0x00, 0x00, 0x00, 0x00, 
	0x00, 0x00, 0x00, 0x00, 0x00, 0x00, 0x0c, 0xc0, 0x03, 0x60, 0x00, 0x00, 0x00, 0x00, 0x00, 0x00, 
	0x00, 0x00, 0x00, 0x00, 0x00, 0x00, 0x30, 0x80, 0x01, 0x18, 0x00, 0x00, 0x00, 0x00, 0x00, 0x00, 
	0x00, 0x00, 0x00, 0x00, 0x00, 0x00, 0xc0, 0x00, 0x00, 0x06, 0x00, 0x00, 0x00, 0x00, 0x00, 0x00, 
	0x00, 0x00, 0x00, 0x00, 0x00, 0x00, 0x00, 0x0f, 0xe0, 0x01, 0x00, 0x00, 0x00, 0x00, 0x00, 0x00, 
	0x00, 0x00, 0x00, 0x00, 0x00, 0x00, 0x00, 0xf0, 0x1f, 0x00, 0x00, 0x00, 0x00, 0x00, 0x00, 0x00, 
	0x00, 0x00, 0x00, 0x00, 0x00, 0x00, 0x00, 0x00, 0x00, 0x00, 0x00, 0x00, 0x00, 0x00, 0x00, 0x00, 
	0x00, 0x00, 0x00, 0x00, 0x00, 0x00, 0x00, 0x00, 0x00, 0x00, 0x00, 0x00, 0x00, 0x00, 0x00, 0x00, 
	0x00, 0x00, 0x00, 0x00, 0x00, 0x00, 0x00, 0x00, 0x00, 0x00, 0x00, 0x00, 0x00, 0x00, 0x00, 0x00, 
	0x00, 0x00, 0x00, 0x00, 0x00, 0x00, 0x00, 0x00, 0x00, 0x00, 0x00, 0x00, 0x00, 0x00, 0x00, 0x00, 
	0x00, 0x00, 0x00, 0x00, 0x00, 0x00, 0x00, 0x00, 0x00, 0x00, 0x00, 0x00, 0x00, 0x00, 0x00, 0x00, 
	0x00, 0x00, 0x00, 0x00, 0x00, 0x00, 0x00, 0x00, 0x00, 0x00, 0x00, 0x00, 0x00, 0x00, 0x00, 0x00
};

// Array of all bitmaps for convenience. (Total bytes used to store images in PROGMEM = 16640)
const unsigned char* clkArray[16] = {
	cclk1,
	cclk2,
	cclk3,
	cclk4,
	cclk5,
	cclk6,
	cclk7,
	cclk8,
	cclk9,
	cclk10,
	cclk11,
	cclk12,
	cclk13,
	cclk14,
	cclk15,
	cclk16
};

